项目名称,提交ID,提交时间,总变化行数
xiaojieonly/Ehviewer_CN_SXJ,bfbc042,2025-12-16T15:38:44Z,6
xiaojieonly/Ehviewer_CN_SXJ,0788bd1,2025-12-16T02:04:37Z,59
xiaojieonly/Ehviewer_CN_SXJ,c54c1ed,2025-12-15T09:04:58Z,1134
xiaojieonly/Ehviewer_CN_SXJ,7e967d6,2025-12-15T09:04:02Z,1
xiaojieonly/Ehviewer_CN_SXJ,1562d6d,2025-12-15T09:03:38Z,42405
xiaojieonly/Ehviewer_CN_SXJ,5360f40,2025-12-15T02:27:36Z,14
xiaojieonly/Ehviewer_CN_SXJ,51864ef,2025-12-09T06:56:10Z,2
xiaojieonly/Ehviewer_CN_SXJ,5ea5df8,2025-12-09T06:55:53Z,6
xiaojieonly/Ehviewer_CN_SXJ,45aa83c,2025-12-03T15:49:42Z,851
xiaojieonly/Ehviewer_CN_SXJ,c6e4ed7,2025-12-03T15:42:34Z,2
xiaojieonly/Ehviewer_CN_SXJ,2ac0882,2025-12-03T06:39:48Z,5
xiaojieonly/Ehviewer_CN_SXJ,b277e26,2025-12-03T06:22:49Z,3
xiaojieonly/Ehviewer_CN_SXJ,45a92e4,2025-12-02T10:22:26Z,843
xiaojieonly/Ehviewer_CN_SXJ,7c72b4a,2025-12-01T12:04:17Z,49
xiaojieonly/Ehviewer_CN_SXJ,11f0354,2025-11-26T06:04:41Z,14
xiaojieonly/Ehviewer_CN_SXJ,fa745d3,2025-11-26T05:59:20Z,55
xiaojieonly/Ehviewer_CN_SXJ,0b6ea95,2025-11-26T05:58:46Z,9
xiaojieonly/Ehviewer_CN_SXJ,fc883f6,2025-11-26T05:35:02Z,21
xiaojieonly/Ehviewer_CN_SXJ,5696a53,2025-11-24T05:38:46Z,5
xiaojieonly/Ehviewer_CN_SXJ,5b6f2eb,2025-11-22T07:59:28Z,5
xiaojieonly/Ehviewer_CN_SXJ,21d792a,2025-11-20T09:20:59Z,8
xiaojieonly/Ehviewer_CN_SXJ,fa4bbed,2025-11-18T09:09:27Z,632
xiaojieonly/Ehviewer_CN_SXJ,018c5b0,2025-11-17T06:26:09Z,0
xiaojieonly/Ehviewer_CN_SXJ,b91b8ea,2025-11-17T06:26:09Z,770
xiaojieonly/Ehviewer_CN_SXJ,2277d0d,2025-11-17T02:59:16Z,958
xiaojieonly/Ehviewer_CN_SXJ,99bb93b,2025-11-14T08:15:48Z,1218
xiaojieonly/Ehviewer_CN_SXJ,8ff5b63,2025-11-14T07:12:46Z,56
xiaojieonly/Ehviewer_CN_SXJ,eff2999,2025-11-14T06:56:40Z,0
xiaojieonly/Ehviewer_CN_SXJ,1035579,2025-11-14T06:56:40Z,241
xiaojieonly/Ehviewer_CN_SXJ,fbe5935,2025-11-12T10:35:33Z,87
xiaojieonly/Ehviewer_CN_SXJ,56d73d1,2025-11-12T09:54:35Z,24
xiaojieonly/Ehviewer_CN_SXJ,08fcad6,2025-11-12T09:51:29Z,12
xiaojieonly/Ehviewer_CN_SXJ,cd04d71,2025-11-12T09:47:18Z,19
xiaojieonly/Ehviewer_CN_SXJ,ab2a1f0,2025-11-12T09:43:38Z,8
xiaojieonly/Ehviewer_CN_SXJ,5f66f5e,2025-11-12T09:42:57Z,19
xiaojieonly/Ehviewer_CN_SXJ,5bb8a23,2025-11-11T13:43:39Z,46
xiaojieonly/Ehviewer_CN_SXJ,f97da15,2025-11-07T15:02:02Z,14
xiaojieonly/Ehviewer_CN_SXJ,8341f67,2025-11-07T14:57:28Z,10
xiaojieonly/Ehviewer_CN_SXJ,cf7cbc9,2025-11-07T14:54:03Z,2
xiaojieonly/Ehviewer_CN_SXJ,03d8420,2025-11-07T14:53:50Z,10
xiaojieonly/Ehviewer_CN_SXJ,c847a15,2025-11-07T14:48:13Z,3
xiaojieonly/Ehviewer_CN_SXJ,a6d0262,2025-11-07T14:47:07Z,15
xiaojieonly/Ehviewer_CN_SXJ,289115d,2025-11-07T14:43:48Z,4
xiaojieonly/Ehviewer_CN_SXJ,b3f5266,2025-11-07T13:45:28Z,13
xiaojieonly/Ehviewer_CN_SXJ,3f0080d,2025-11-07T13:34:29Z,28
xiaojieonly/Ehviewer_CN_SXJ,de8ff4a,2025-11-07T12:39:44Z,306
xiaojieonly/Ehviewer_CN_SXJ,196ac8b,2025-11-07T12:39:43Z,0
xiaojieonly/Ehviewer_CN_SXJ,472a62f,2025-11-06T14:49:49Z,6
xiaojieonly/Ehviewer_CN_SXJ,f1fe315,2025-11-06T06:15:38Z,2
xiaojieonly/Ehviewer_CN_SXJ,891b983,2025-11-01T14:52:45Z,2
xiaojieonly/Ehviewer_CN_SXJ,422ad65,2025-11-01T14:52:30Z,2
xiaojieonly/Ehviewer_CN_SXJ,086a6ff,2025-11-01T14:10:31Z,11
xiaojieonly/Ehviewer_CN_SXJ,8ed9f3a,2025-11-01T14:08:31Z,20
xiaojieonly/Ehviewer_CN_SXJ,e7afa71,2025-11-01T13:47:55Z,122
xiaojieonly/Ehviewer_CN_SXJ,273e33d,2025-11-01T12:18:44Z,1090
xiaojieonly/Ehviewer_CN_SXJ,94c1774,2025-11-01T12:18:42Z,0
xiaojieonly/Ehviewer_CN_SXJ,e1dd5e7,2025-11-01T12:15:53Z,167
xiaojieonly/Ehviewer_CN_SXJ,59709bf,2025-10-19T06:27:32Z,71
xiaojieonly/Ehviewer_CN_SXJ,7b0732a,2025-10-06T07:21:29Z,16
xiaojieonly/Ehviewer_CN_SXJ,427bc82,2025-10-05T11:48:15Z,45
xiaojieonly/Ehviewer_CN_SXJ,6263e35,2025-09-21T08:52:13Z,69
xiaojieonly/Ehviewer_CN_SXJ,88fa760,2025-09-21T03:04:11Z,70
xiaojieonly/Ehviewer_CN_SXJ,b07d510,2025-09-21T02:46:06Z,4
xiaojieonly/Ehviewer_CN_SXJ,9358469,2025-09-21T02:04:25Z,14
xiaojieonly/Ehviewer_CN_SXJ,4fcedf4,2025-09-15T09:18:56Z,43
xiaojieonly/Ehviewer_CN_SXJ,ef1d655,2025-09-15T09:15:24Z,221
xiaojieonly/Ehviewer_CN_SXJ,df4d3fe,2025-09-04T00:51:26Z,2
xiaojieonly/Ehviewer_CN_SXJ,71dc2d1,2025-09-01T14:00:20Z,22
xiaojieonly/Ehviewer_CN_SXJ,1514f4e,2025-09-01T13:45:25Z,2
xiaojieonly/Ehviewer_CN_SXJ,bb5fc3a,2025-09-01T13:37:06Z,33
xiaojieonly/Ehviewer_CN_SXJ,0848cc6,2025-08-30T14:40:48Z,1576
xiaojieonly/Ehviewer_CN_SXJ,6f284aa,2025-08-17T06:08:58Z,19
xiaojieonly/Ehviewer_CN_SXJ,947f7c6,2025-08-17T05:53:48Z,26
xiaojieonly/Ehviewer_CN_SXJ,f14acdf,2025-08-02T12:45:21Z,72
xiaojieonly/Ehviewer_CN_SXJ,6a28898,2025-08-01T14:21:46Z,31
xiaojieonly/Ehviewer_CN_SXJ,f0f8e48,2025-08-01T13:15:06Z,8
xiaojieonly/Ehviewer_CN_SXJ,4b4ae65,2025-08-01T13:14:09Z,21
xiaojieonly/Ehviewer_CN_SXJ,62df2ff,2025-07-27T06:07:18Z,45
xiaojieonly/Ehviewer_CN_SXJ,b51b10d,2025-07-22T11:19:58Z,6
xiaojieonly/Ehviewer_CN_SXJ,7f88a66,2025-07-21T11:36:29Z,455
xiaojieonly/Ehviewer_CN_SXJ,0bd70eb,2025-07-21T11:36:28Z,0
xiaojieonly/Ehviewer_CN_SXJ,2c7d59d,2025-07-19T15:34:57Z,2
xiaojieonly/Ehviewer_CN_SXJ,01b3c62,2025-07-17T10:49:53Z,10
xiaojieonly/Ehviewer_CN_SXJ,b1d2991,2025-07-17T10:43:40Z,5
xiaojieonly/Ehviewer_CN_SXJ,9670645,2025-07-17T10:43:17Z,25
xiaojieonly/Ehviewer_CN_SXJ,1bf33e4,2025-07-09T01:19:23Z,5
xiaojieonly/Ehviewer_CN_SXJ,7dccad5,2025-07-01T11:51:54Z,2
xiaojieonly/Ehviewer_CN_SXJ,43cff8d,2025-07-01T11:51:11Z,11
xiaojieonly/Ehviewer_CN_SXJ,439fd58,2025-07-01T11:07:52Z,11
xiaojieonly/Ehviewer_CN_SXJ,d489ff1,2025-07-01T11:04:36Z,38
xiaojieonly/Ehviewer_CN_SXJ,26caf00,2025-07-01T10:54:25Z,3
xiaojieonly/Ehviewer_CN_SXJ,dcfe6ee,2025-06-29T05:29:31Z,263
xiaojieonly/Ehviewer_CN_SXJ,57ac1bc,2025-06-22T04:54:22Z,623
xiaojieonly/Ehviewer_CN_SXJ,5fd54c1,2025-06-22T04:53:56Z,18
xiaojieonly/Ehviewer_CN_SXJ,d226626,2025-06-17T05:12:11Z,623
xiaojieonly/Ehviewer_CN_SXJ,4fd0886,2025-05-31T15:49:15Z,9
xiaojieonly/Ehviewer_CN_SXJ,3a7d3f8,2025-05-31T15:46:45Z,17
xiaojieonly/Ehviewer_CN_SXJ,e076570,2025-05-25T04:23:10Z,61
xiaojieonly/Ehviewer_CN_SXJ,464709c,2025-05-25T04:14:08Z,338
xiaojieonly/Ehviewer_CN_SXJ,fd35031,2025-05-25T04:14:07Z,0
xiaojieonly/Ehviewer_CN_SXJ,ac3aad3,2025-05-25T04:12:15Z,3
xiaojieonly/Ehviewer_CN_SXJ,2026d2a,2025-05-25T04:11:46Z,148
xiaojieonly/Ehviewer_CN_SXJ,16b7598,2025-05-15T07:29:43Z,3
xiaojieonly/Ehviewer_CN_SXJ,bd9530d,2025-05-15T07:28:11Z,13
xiaojieonly/Ehviewer_CN_SXJ,aa63393,2025-05-15T07:27:38Z,2
xiaojieonly/Ehviewer_CN_SXJ,318d8e6,2025-05-09T07:34:25Z,13
xiaojieonly/Ehviewer_CN_SXJ,9d88eff,2025-05-04T05:24:47Z,19
xiaojieonly/Ehviewer_CN_SXJ,ad1ad8c,2025-05-04T05:11:51Z,28
xiaojieonly/Ehviewer_CN_SXJ,3eb9231,2025-04-27T05:36:51Z,19
xiaojieonly/Ehviewer_CN_SXJ,36c28b0,2025-04-27T05:32:36Z,417
xiaojieonly/Ehviewer_CN_SXJ,075e5d2,2025-04-27T05:32:34Z,0
xiaojieonly/Ehviewer_CN_SXJ,7f56551,2025-04-27T03:07:36Z,19
xiaojieonly/Ehviewer_CN_SXJ,2ab0f0f,2025-04-17T02:44:40Z,74
xiaojieonly/Ehviewer_CN_SXJ,a97d436,2025-04-07T12:08:31Z,2
xiaojieonly/Ehviewer_CN_SXJ,3a0b150,2025-04-01T10:51:04Z,11
xiaojieonly/Ehviewer_CN_SXJ,1a4fc8a,2025-04-01T10:48:21Z,24
xiaojieonly/Ehviewer_CN_SXJ,2835e15,2025-03-22T04:02:29Z,50
xiaojieonly/Ehviewer_CN_SXJ,5276fc2,2025-03-22T03:04:04Z,291
xiaojieonly/Ehviewer_CN_SXJ,c9c0458,2025-03-22T03:04:03Z,0
xiaojieonly/Ehviewer_CN_SXJ,7cde7aa,2025-03-22T03:02:29Z,1
xiaojieonly/Ehviewer_CN_SXJ,216fe67,2025-03-22T03:01:34Z,2
xiaojieonly/Ehviewer_CN_SXJ,5949819,2025-03-06T06:17:53Z,2
xiaojieonly/Ehviewer_CN_SXJ,bc8a7f9,2025-03-06T06:17:10Z,1
xiaojieonly/Ehviewer_CN_SXJ,8a34c07,2025-03-02T13:36:03Z,2
xiaojieonly/Ehviewer_CN_SXJ,68e2abe,2025-03-01T03:50:41Z,3
xiaojieonly/Ehviewer_CN_SXJ,e5b7f1d,2025-03-01T03:43:30Z,4
xiaojieonly/Ehviewer_CN_SXJ,370d54b,2025-03-01T03:34:15Z,4
xiaojieonly/Ehviewer_CN_SXJ,4398324,2025-03-01T03:09:00Z,13
xiaojieonly/Ehviewer_CN_SXJ,943532e,2025-03-01T03:05:46Z,25
xiaojieonly/Ehviewer_CN_SXJ,d5526aa,2025-02-22T08:00:43Z,8
xiaojieonly/Ehviewer_CN_SXJ,4d9390b,2025-02-22T07:26:32Z,1
xiaojieonly/Ehviewer_CN_SXJ,bec5594,2025-02-22T06:45:18Z,2361
xiaojieonly/Ehviewer_CN_SXJ,914ef80,2025-02-22T06:45:17Z,0
xiaojieonly/Ehviewer_CN_SXJ,c35efd2,2025-02-22T05:47:31Z,298
xiaojieonly/Ehviewer_CN_SXJ,ea6b1c5,2025-02-09T06:26:41Z,56
xiaojieonly/Ehviewer_CN_SXJ,25e56bb,2025-02-09T05:11:35Z,20
xiaojieonly/Ehviewer_CN_SXJ,70ad7bd,2025-02-06T11:32:58Z,800
xiaojieonly/Ehviewer_CN_SXJ,01ad5b4,2025-01-25T12:26:11Z,1858
xiaojieonly/Ehviewer_CN_SXJ,a50ee01,2025-01-25T12:25:37Z,55
xiaojieonly/Ehviewer_CN_SXJ,d397c60,2025-01-24T01:55:19Z,1858
xiaojieonly/Ehviewer_CN_SXJ,9c7ee6a,2025-01-20T12:14:38Z,843
xiaojieonly/Ehviewer_CN_SXJ,6d59aed,2025-01-20T12:13:33Z,1088
xiaojieonly/Ehviewer_CN_SXJ,79ad358,2025-01-20T12:13:30Z,0
xiaojieonly/Ehviewer_CN_SXJ,6736871,2025-01-18T05:15:16Z,918
xiaojieonly/Ehviewer_CN_SXJ,67543b1,2025-01-18T05:14:49Z,4
xiaojieonly/Ehviewer_CN_SXJ,35b2e64,2025-01-17T01:51:12Z,843
xiaojieonly/Ehviewer_CN_SXJ,315d733,2025-01-17T01:41:40Z,10
xiaojieonly/Ehviewer_CN_SXJ,3d389a1,2025-01-15T07:45:51Z,73
xiaojieonly/Ehviewer_CN_SXJ,d18bbc7,2025-01-11T04:25:09Z,287
xiaojieonly/Ehviewer_CN_SXJ,18aad0e,2025-01-11T04:21:31Z,18
xiaojieonly/Ehviewer_CN_SXJ,af613b2,2025-01-09T09:04:16Z,249
xiaojieonly/Ehviewer_CN_SXJ,b866f9d,2025-01-08T02:17:46Z,38
xiaojieonly/Ehviewer_CN_SXJ,f28b4a5,2025-01-05T04:57:50Z,21
xiaojieonly/Ehviewer_CN_SXJ,0125ff6,2025-01-05T04:55:10Z,428
xiaojieonly/Ehviewer_CN_SXJ,5dd1edc,2025-01-04T03:12:37Z,1
xiaojieonly/Ehviewer_CN_SXJ,db2cdfc,2025-01-04T02:56:12Z,20
xiaojieonly/Ehviewer_CN_SXJ,2ed9a10,2025-01-03T16:18:15Z,32
xiaojieonly/Ehviewer_CN_SXJ,8e4c852,2025-01-03T16:17:41Z,30
xiaojieonly/Ehviewer_CN_SXJ,0ab1149,2025-01-03T16:13:32Z,2
xiaojieonly/Ehviewer_CN_SXJ,43bb27a,2025-01-02T15:40:49Z,2
xiaojieonly/Ehviewer_CN_SXJ,6cb5b3f,2025-01-01T03:26:58Z,741
xiaojieonly/Ehviewer_CN_SXJ,9e89b3b,2025-01-01T02:52:50Z,2
xiaojieonly/Ehviewer_CN_SXJ,6d366c2,2025-01-01T02:52:25Z,398
xiaojieonly/Ehviewer_CN_SXJ,1ef300a,2025-01-01T02:52:24Z,0
xiaojieonly/Ehviewer_CN_SXJ,e58767b,2024-12-31T16:11:07Z,2
xiaojieonly/Ehviewer_CN_SXJ,95af366,2024-12-26T09:42:27Z,475
xiaojieonly/Ehviewer_CN_SXJ,248d496,2024-12-26T09:42:25Z,0
xiaojieonly/Ehviewer_CN_SXJ,55e734e,2024-12-20T03:09:41Z,62
xiaojieonly/Ehviewer_CN_SXJ,8c6444a,2024-12-17T05:08:12Z,8
xiaojieonly/Ehviewer_CN_SXJ,a1fa064,2024-12-17T04:34:05Z,8
xiaojieonly/Ehviewer_CN_SXJ,9b32fbc,2024-12-12T09:25:23Z,22
xiaojieonly/Ehviewer_CN_SXJ,4c22c51,2024-12-03T03:16:53Z,37
xiaojieonly/Ehviewer_CN_SXJ,1d906ae,2024-12-03T02:11:15Z,16
xiaojieonly/Ehviewer_CN_SXJ,81c42f0,2024-12-03T02:10:52Z,6
xiaojieonly/Ehviewer_CN_SXJ,1683b9f,2024-12-03T02:01:55Z,2
xiaojieonly/Ehviewer_CN_SXJ,4e92bc0,2024-12-02T10:56:10Z,16
xiaojieonly/Ehviewer_CN_SXJ,e21943d,2024-12-02T07:37:37Z,116
xiaojieonly/Ehviewer_CN_SXJ,2421a6b,2024-12-02T03:33:31Z,22
xiaojieonly/Ehviewer_CN_SXJ,c4109b6,2024-12-02T03:32:47Z,558
xiaojieonly/Ehviewer_CN_SXJ,45c0be7,2024-12-01T05:30:48Z,22
xiaojieonly/Ehviewer_CN_SXJ,a4ec74f,2024-11-29T03:01:03Z,13
xiaojieonly/Ehviewer_CN_SXJ,d2b4433,2024-11-22T08:39:37Z,0
xiaojieonly/Ehviewer_CN_SXJ,3f8c11e,2024-11-22T08:39:37Z,192
xiaojieonly/Ehviewer_CN_SXJ,eb39135,2024-11-22T06:36:26Z,58
xiaojieonly/Ehviewer_CN_SXJ,d451fc6,2024-11-21T08:00:44Z,5
xiaojieonly/Ehviewer_CN_SXJ,aad975c,2024-11-21T07:50:55Z,20
xiaojieonly/Ehviewer_CN_SXJ,6d1499c,2024-11-20T08:49:24Z,0
xiaojieonly/Ehviewer_CN_SXJ,2f4a4a9,2024-11-20T08:49:24Z,148
xiaojieonly/Ehviewer_CN_SXJ,9565d89,2024-11-20T08:00:52Z,28
xiaojieonly/Ehviewer_CN_SXJ,1534686,2024-11-18T10:08:52Z,1
xiaojieonly/Ehviewer_CN_SXJ,8db7e77,2024-11-18T10:07:57Z,8
xiaojieonly/Ehviewer_CN_SXJ,09b612d,2024-11-18T09:50:15Z,25
xiaojieonly/Ehviewer_CN_SXJ,5a52f23,2024-11-18T09:50:03Z,251
xiaojieonly/Ehviewer_CN_SXJ,4189ede,2024-11-18T03:25:46Z,4
xiaojieonly/Ehviewer_CN_SXJ,4463b63,2024-11-15T06:31:03Z,3
xiaojieonly/Ehviewer_CN_SXJ,867d4cd,2024-11-15T06:30:47Z,31
xiaojieonly/Ehviewer_CN_SXJ,fd08870,2024-11-15T06:21:48Z,23
xiaojieonly/Ehviewer_CN_SXJ,71b95e8,2024-11-14T08:22:29Z,4
xiaojieonly/Ehviewer_CN_SXJ,2c78dd0,2024-11-14T08:12:54Z,14
xiaojieonly/Ehviewer_CN_SXJ,0fe1c1e,2024-11-14T02:10:52Z,915
xiaojieonly/Ehviewer_CN_SXJ,5f6e809,2024-11-14T02:10:52Z,0
xiaojieonly/Ehviewer_CN_SXJ,61f3ac9,2024-11-13T08:28:24Z,44
xiaojieonly/Ehviewer_CN_SXJ,8a0329c,2024-11-12T10:31:34Z,4
xiaojieonly/Ehviewer_CN_SXJ,a36bcfd,2024-11-12T03:44:40Z,290
xiaojieonly/Ehviewer_CN_SXJ,3e9c361,2024-11-08T10:23:03Z,3
xiaojieonly/Ehviewer_CN_SXJ,8845541,2024-11-08T08:46:38Z,93
xiaojieonly/Ehviewer_CN_SXJ,3fe7585,2024-11-08T08:45:24Z,1275
xiaojieonly/Ehviewer_CN_SXJ,1ae996e,2024-11-07T06:43:08Z,71
xiaojieonly/Ehviewer_CN_SXJ,770fbeb,2024-11-07T02:22:47Z,2
xiaojieonly/Ehviewer_CN_SXJ,c496348,2024-11-06T13:34:48Z,18
xiaojieonly/Ehviewer_CN_SXJ,2dd0599,2024-11-06T13:24:12Z,313
xiaojieonly/Ehviewer_CN_SXJ,3d2da9f,2024-11-06T13:24:10Z,0
xiaojieonly/Ehviewer_CN_SXJ,0661910,2024-11-06T10:00:47Z,113
xiaojieonly/Ehviewer_CN_SXJ,cfe54db,2024-11-06T07:21:35Z,4
xiaojieonly/Ehviewer_CN_SXJ,663af5b,2024-11-06T07:20:24Z,107
xiaojieonly/Ehviewer_CN_SXJ,1a4d2f0,2024-11-06T02:09:55Z,2
xiaojieonly/Ehviewer_CN_SXJ,f88b5d6,2024-11-05T11:30:20Z,32
xiaojieonly/Ehviewer_CN_SXJ,1107be1,2024-11-05T10:39:07Z,40
xiaojieonly/Ehviewer_CN_SXJ,f11462f,2024-11-05T08:39:05Z,7
xiaojieonly/Ehviewer_CN_SXJ,3c791a4,2024-11-05T07:26:37Z,29
xiaojieonly/Ehviewer_CN_SXJ,ff37c4a,2024-11-05T03:25:38Z,49
xiaojieonly/Ehviewer_CN_SXJ,6f2bf86,2024-11-04T16:13:20Z,10
xiaojieonly/Ehviewer_CN_SXJ,d48a399,2024-11-04T16:10:12Z,2
xiaojieonly/Ehviewer_CN_SXJ,dbbba63,2024-11-04T12:44:00Z,2
xiaojieonly/Ehviewer_CN_SXJ,612c3cd,2024-11-04T12:41:50Z,810
xiaojieonly/Ehviewer_CN_SXJ,2821abf,2024-11-01T02:40:53Z,4
xiaojieonly/Ehviewer_CN_SXJ,6c3c4e7,2024-11-01T02:24:05Z,5
xiaojieonly/Ehviewer_CN_SXJ,77974ac,2024-11-01T02:21:16Z,24978
xiaojieonly/Ehviewer_CN_SXJ,3cb2ff2,2024-11-01T02:19:47Z,4
xiaojieonly/Ehviewer_CN_SXJ,4a11f6f,2024-10-31T08:01:43Z,12
xiaojieonly/Ehviewer_CN_SXJ,214ba1e,2024-10-31T06:55:55Z,53
xiaojieonly/Ehviewer_CN_SXJ,3e4d52c,2024-10-30T07:45:21Z,2
xiaojieonly/Ehviewer_CN_SXJ,e787d4d,2024-10-30T06:53:17Z,24568
xiaojieonly/Ehviewer_CN_SXJ,8676e07,2024-10-30T06:53:16Z,0
xiaojieonly/Ehviewer_CN_SXJ,c8c3e81,2024-10-29T11:33:24Z,22
xiaojieonly/Ehviewer_CN_SXJ,e1f4d20,2024-10-29T09:40:00Z,22
xiaojieonly/Ehviewer_CN_SXJ,e10b6f9,2024-10-28T06:24:51Z,22
xiaojieonly/Ehviewer_CN_SXJ,12f2d13,2024-10-28T03:02:53Z,13
xiaojieonly/Ehviewer_CN_SXJ,a3a0b62,2024-10-28T02:38:40Z,77
xiaojieonly/Ehviewer_CN_SXJ,68454f6,2024-10-25T12:02:52Z,21
xiaojieonly/Ehviewer_CN_SXJ,32e1e68,2024-10-25T11:38:18Z,2631
xiaojieonly/Ehviewer_CN_SXJ,e96aa74,2024-10-16T06:55:47Z,7128
xiaojieonly/Ehviewer_CN_SXJ,e73cf77,2024-10-08T02:14:22Z,2
xiaojieonly/Ehviewer_CN_SXJ,3c3e2b1,2024-10-08T02:11:00Z,51
xiaojieonly/Ehviewer_CN_SXJ,ee6343d,2024-10-08T02:10:14Z,3
xiaojieonly/Ehviewer_CN_SXJ,a1eae64,2024-10-02T13:12:02Z,2
xiaojieonly/Ehviewer_CN_SXJ,6cf29f0,2024-10-02T09:55:03Z,21
xiaojieonly/Ehviewer_CN_SXJ,50feda5,2024-09-30T04:37:23Z,4
xiaojieonly/Ehviewer_CN_SXJ,c8e6a9e,2024-09-30T04:36:15Z,29
xiaojieonly/Ehviewer_CN_SXJ,559d42b,2024-09-25T06:25:46Z,2
xiaojieonly/Ehviewer_CN_SXJ,edb994c,2024-09-25T03:45:36Z,2
xiaojieonly/Ehviewer_CN_SXJ,aae630a,2024-09-25T03:33:16Z,1
xiaojieonly/Ehviewer_CN_SXJ,57cfe6e,2024-09-25T03:28:41Z,4
xiaojieonly/Ehviewer_CN_SXJ,b077241,2024-09-25T03:20:10Z,2
xiaojieonly/Ehviewer_CN_SXJ,3515fea,2024-09-25T02:53:15Z,2
xiaojieonly/Ehviewer_CN_SXJ,86e0b99,2024-09-25T02:21:57Z,18
xiaojieonly/Ehviewer_CN_SXJ,f42d15f,2024-09-24T09:32:13Z,7673
xiaojieonly/Ehviewer_CN_SXJ,1650485,2024-09-23T07:26:11Z,41
xiaojieonly/Ehviewer_CN_SXJ,7290221,2024-09-20T07:23:16Z,0
xiaojieonly/Ehviewer_CN_SXJ,6493a67,2024-09-20T07:20:57Z,385
xiaojieonly/Ehviewer_CN_SXJ,122ce51,2024-09-18T03:35:40Z,22
xiaojieonly/Ehviewer_CN_SXJ,95149b5,2024-09-18T03:03:02Z,11
xiaojieonly/Ehviewer_CN_SXJ,b299237,2024-09-12T08:11:42Z,93
xiaojieonly/Ehviewer_CN_SXJ,2efe989,2024-08-28T06:58:58Z,166
xiaojieonly/Ehviewer_CN_SXJ,f33169d,2024-08-27T03:44:31Z,254
xiaojieonly/Ehviewer_CN_SXJ,4cc243c,2024-08-23T03:50:28Z,29
xiaojieonly/Ehviewer_CN_SXJ,80173c4,2024-08-23T03:50:19Z,2
xiaojieonly/Ehviewer_CN_SXJ,5ab4fbe,2024-08-21T06:56:50Z,3
xiaojieonly/Ehviewer_CN_SXJ,7f89744,2024-08-19T10:49:23Z,26
xiaojieonly/Ehviewer_CN_SXJ,e5df817,2024-08-19T02:20:39Z,65
xiaojieonly/Ehviewer_CN_SXJ,811ed1f,2024-08-15T08:10:09Z,3
xiaojieonly/Ehviewer_CN_SXJ,c3a9c9d,2024-08-15T07:39:35Z,30
xiaojieonly/Ehviewer_CN_SXJ,6ceffa3,2024-08-15T07:20:19Z,13
xiaojieonly/Ehviewer_CN_SXJ,00ca026,2024-08-15T07:20:11Z,2
xiaojieonly/Ehviewer_CN_SXJ,ac24cd0,2024-08-15T03:29:52Z,13
xiaojieonly/Ehviewer_CN_SXJ,0c6e31c,2024-08-14T07:51:49Z,2
xiaojieonly/Ehviewer_CN_SXJ,0c743f4,2024-08-14T03:47:18Z,7
xiaojieonly/Ehviewer_CN_SXJ,ac0fda8,2024-08-14T03:47:04Z,71
xiaojieonly/Ehviewer_CN_SXJ,397ead7,2024-08-14T02:36:11Z,2
xiaojieonly/Ehviewer_CN_SXJ,12b6cc5,2024-08-14T02:31:28Z,4
xiaojieonly/Ehviewer_CN_SXJ,4d6aec6,2024-08-14T02:28:34Z,3
xiaojieonly/Ehviewer_CN_SXJ,695728f,2024-08-13T02:37:48Z,12
xiaojieonly/Ehviewer_CN_SXJ,db5d23a,2024-08-09T03:12:30Z,63
xiaojieonly/Ehviewer_CN_SXJ,8ec451c,2024-08-06T09:38:51Z,4
xiaojieonly/Ehviewer_CN_SXJ,b37ae74,2024-08-06T08:30:05Z,25
xiaojieonly/Ehviewer_CN_SXJ,122f5b5,2024-08-06T08:29:44Z,56
xiaojieonly/Ehviewer_CN_SXJ,bd3e417,2024-08-01T11:47:52Z,2
xiaojieonly/Ehviewer_CN_SXJ,7c48f81,2024-08-01T11:46:25Z,25
xiaojieonly/Ehviewer_CN_SXJ,f07e10d,2024-07-31T07:55:00Z,2
xiaojieonly/Ehviewer_CN_SXJ,3710717,2024-07-31T01:32:56Z,61
xiaojieonly/Ehviewer_CN_SXJ,f657721,2024-07-25T06:26:52Z,9
xiaojieonly/Ehviewer_CN_SXJ,a0bd7ee,2024-07-24T09:31:28Z,349
xiaojieonly/Ehviewer_CN_SXJ,790dedd,2024-07-15T09:39:33Z,1
xiaojieonly/Ehviewer_CN_SXJ,1a0419f,2024-07-15T09:16:15Z,4
xiaojieonly/Ehviewer_CN_SXJ,7af1bf2,2024-07-05T03:37:05Z,2
xiaojieonly/Ehviewer_CN_SXJ,2f1254a,2024-07-05T03:06:47Z,24
xiaojieonly/Ehviewer_CN_SXJ,29e902a,2024-07-03T09:40:07Z,6
xiaojieonly/Ehviewer_CN_SXJ,2af237b,2024-07-03T09:05:37Z,8
xiaojieonly/Ehviewer_CN_SXJ,69bda93,2024-07-03T08:30:55Z,30
xiaojieonly/Ehviewer_CN_SXJ,335c39d,2024-07-03T07:59:03Z,5
xiaojieonly/Ehviewer_CN_SXJ,5ed0bec,2024-07-01T12:38:33Z,12
xiaojieonly/Ehviewer_CN_SXJ,da3ecdd,2024-07-01T12:18:50Z,2
xiaojieonly/Ehviewer_CN_SXJ,f5e31af,2024-07-01T12:17:12Z,6
xiaojieonly/Ehviewer_CN_SXJ,aab66be,2024-07-01T11:03:01Z,1
xiaojieonly/Ehviewer_CN_SXJ,f8796d7,2024-07-01T11:01:26Z,23
xiaojieonly/Ehviewer_CN_SXJ,ca569ee,2024-06-27T09:43:43Z,113
xiaojieonly/Ehviewer_CN_SXJ,a8a4ae1,2024-06-27T03:32:06Z,43
xiaojieonly/Ehviewer_CN_SXJ,6f17ecd,2024-06-26T09:05:15Z,38
xiaojieonly/Ehviewer_CN_SXJ,150e112,2024-06-26T07:39:38Z,4
xiaojieonly/Ehviewer_CN_SXJ,cf221c9,2024-06-26T07:38:46Z,22
xiaojieonly/Ehviewer_CN_SXJ,569252b,2024-06-26T07:11:50Z,149
xiaojieonly/Ehviewer_CN_SXJ,83baec4,2024-06-25T07:45:48Z,26
xiaojieonly/Ehviewer_CN_SXJ,df1490c,2024-06-25T07:28:23Z,2
xiaojieonly/Ehviewer_CN_SXJ,bded01c,2024-06-21T08:34:55Z,1
xiaojieonly/Ehviewer_CN_SXJ,bcea0ba,2024-06-21T08:21:29Z,20
xiaojieonly/Ehviewer_CN_SXJ,d689fc9,2024-06-19T08:26:05Z,24
xiaojieonly/Ehviewer_CN_SXJ,85cc920,2024-06-19T08:11:42Z,1
xiaojieonly/Ehviewer_CN_SXJ,311f5e1,2024-06-19T08:11:28Z,99
xiaojieonly/Ehviewer_CN_SXJ,55c9c45,2024-06-07T06:30:42Z,1
xiaojieonly/Ehviewer_CN_SXJ,b5634c3,2024-06-05T09:23:07Z,27
xiaojieonly/Ehviewer_CN_SXJ,89a009f,2024-06-03T06:58:27Z,18
xiaojieonly/Ehviewer_CN_SXJ,fccc7cf,2024-06-03T06:46:48Z,7
xiaojieonly/Ehviewer_CN_SXJ,50fecd8,2024-06-01T07:28:49Z,18
xiaojieonly/Ehviewer_CN_SXJ,c8505a8,2024-05-29T07:54:39Z,8
xiaojieonly/Ehviewer_CN_SXJ,c384835,2024-05-29T06:48:38Z,101
xiaojieonly/Ehviewer_CN_SXJ,178c6e1,2024-05-06T02:40:47Z,172
xiaojieonly/Ehviewer_CN_SXJ,68c2251,2024-05-06T02:40:21Z,4
xiaojieonly/Ehviewer_CN_SXJ,e79c360,2024-04-30T16:23:32Z,17
xiaojieonly/Ehviewer_CN_SXJ,d7ad72b,2024-04-29T06:02:26Z,169
xiaojieonly/Ehviewer_CN_SXJ,3384c04,2024-04-24T07:45:51Z,0
xiaojieonly/Ehviewer_CN_SXJ,d753b42,2024-04-24T07:45:26Z,9
xiaojieonly/Ehviewer_CN_SXJ,5f72848,2024-04-24T03:13:29Z,0
xiaojieonly/Ehviewer_CN_SXJ,e308100,2024-04-24T02:57:48Z,3575
xiaojieonly/Ehviewer_CN_SXJ,9041157,2024-04-18T10:07:25Z,15
xiaojieonly/Ehviewer_CN_SXJ,6156471,2024-04-18T09:58:41Z,342
xiaojieonly/Ehviewer_CN_SXJ,cbd135d,2024-04-17T11:06:13Z,15
xiaojieonly/Ehviewer_CN_SXJ,441aeb6,2024-04-17T09:16:37Z,2
xiaojieonly/Ehviewer_CN_SXJ,c46633a,2024-04-07T09:39:50Z,4
xiaojieonly/Ehviewer_CN_SXJ,5f331d1,2024-04-07T08:32:01Z,161
xiaojieonly/Ehviewer_CN_SXJ,8cd99e7,2024-04-07T02:42:49Z,22
xiaojieonly/Ehviewer_CN_SXJ,af594e3,2024-04-07T02:42:38Z,27
xiaojieonly/Ehviewer_CN_SXJ,b6f2c56,2024-04-05T10:14:59Z,2
xiaojieonly/Ehviewer_CN_SXJ,352a478,2024-04-05T10:13:23Z,8
xiaojieonly/Ehviewer_CN_SXJ,7d47e80,2024-04-05T10:02:45Z,19
xiaojieonly/Ehviewer_CN_SXJ,63e3d05,2024-04-05T09:58:13Z,3
xiaojieonly/Ehviewer_CN_SXJ,fe8b96c,2024-04-05T09:01:29Z,2
xiaojieonly/Ehviewer_CN_SXJ,116ff3f,2024-04-05T08:58:11Z,18
xiaojieonly/Ehviewer_CN_SXJ,4058c35,2024-04-03T07:34:04Z,5
xiaojieonly/Ehviewer_CN_SXJ,f8d5e27,2024-04-03T05:53:39Z,20
xiaojieonly/Ehviewer_CN_SXJ,7ed167a,2024-04-03T05:50:49Z,37
xiaojieonly/Ehviewer_CN_SXJ,1ebc64f,2024-04-03T05:46:59Z,4
xiaojieonly/Ehviewer_CN_SXJ,76279aa,2024-04-03T05:46:25Z,37
xiaojieonly/Ehviewer_CN_SXJ,ca0ece8,2024-04-01T11:41:14Z,2
xiaojieonly/Ehviewer_CN_SXJ,5b1532f,2024-04-01T11:37:48Z,22
xiaojieonly/Ehviewer_CN_SXJ,5d465b6,2024-04-01T11:22:47Z,2
xiaojieonly/Ehviewer_CN_SXJ,262857d,2024-03-26T09:25:55Z,1
xiaojieonly/Ehviewer_CN_SXJ,8f58f7a,2024-03-21T06:37:47Z,175
xiaojieonly/Ehviewer_CN_SXJ,fc89553,2024-03-20T10:03:22Z,5
xiaojieonly/Ehviewer_CN_SXJ,0b15078,2024-03-18T07:14:12Z,4
xiaojieonly/Ehviewer_CN_SXJ,9334365,2024-03-18T07:13:17Z,851
xiaojieonly/Ehviewer_CN_SXJ,8b96030,2024-03-18T06:34:18Z,2500
xiaojieonly/Ehviewer_CN_SXJ,5265e1a,2024-03-18T06:30:56Z,2
xiaojieonly/Ehviewer_CN_SXJ,bcd3abb,2024-03-18T01:45:07Z,34
xiaojieonly/Ehviewer_CN_SXJ,0389683,2024-03-14T09:54:00Z,3717
xiaojieonly/Ehviewer_CN_SXJ,dfa3f29,2024-03-14T06:14:56Z,15771
xiaojieonly/Ehviewer_CN_SXJ,4c10040,2024-03-08T10:24:15Z,15795
xiaojieonly/Ehviewer_CN_SXJ,b896ed3,2024-03-07T08:06:23Z,84
xiaojieonly/Ehviewer_CN_SXJ,fc9bb30,2024-03-07T06:57:21Z,4
xiaojieonly/Ehviewer_CN_SXJ,28ba21c,2024-03-04T09:07:38Z,152
xiaojieonly/Ehviewer_CN_SXJ,b4077cd,2024-03-04T08:49:30Z,238
xiaojieonly/Ehviewer_CN_SXJ,27d4433,2024-03-02T06:15:22Z,17
xiaojieonly/Ehviewer_CN_SXJ,bc8d67f,2024-03-02T06:14:07Z,5
xiaojieonly/Ehviewer_CN_SXJ,06f4bb0,2024-03-02T04:13:18Z,17
xiaojieonly/Ehviewer_CN_SXJ,05453c5,2024-03-01T08:12:28Z,132
xiaojieonly/Ehviewer_CN_SXJ,cb2ba6a,2024-03-01T01:50:33Z,11
xiaojieonly/Ehviewer_CN_SXJ,ea597f2,2024-02-29T07:53:55Z,97
xiaojieonly/Ehviewer_CN_SXJ,a14b829,2024-02-29T07:31:26Z,96
xiaojieonly/Ehviewer_CN_SXJ,1a0251b,2024-02-23T10:33:33Z,78
xiaojieonly/Ehviewer_CN_SXJ,f0ea1a9,2024-02-23T10:30:43Z,1
xiaojieonly/Ehviewer_CN_SXJ,e067156,2024-02-23T10:30:30Z,21
xiaojieonly/Ehviewer_CN_SXJ,1848a2c,2024-02-21T15:46:19Z,206
xiaojieonly/Ehviewer_CN_SXJ,9be7af9,2024-02-21T15:45:42Z,1
xiaojieonly/Ehviewer_CN_SXJ,24f72d7,2024-02-20T08:14:51Z,55
xiaojieonly/Ehviewer_CN_SXJ,defdd3d,2024-02-20T07:31:37Z,8
xiaojieonly/Ehviewer_CN_SXJ,371bf76,2024-02-19T10:30:35Z,34
xiaojieonly/Ehviewer_CN_SXJ,e1e7482,2024-02-19T03:35:14Z,27
xiaojieonly/Ehviewer_CN_SXJ,d4b94d8,2024-02-18T02:24:56Z,108
xiaojieonly/Ehviewer_CN_SXJ,9706093,2024-02-03T06:17:51Z,2
xiaojieonly/Ehviewer_CN_SXJ,901ca89,2024-02-03T06:17:00Z,8
xiaojieonly/Ehviewer_CN_SXJ,1413704,2024-02-03T06:03:03Z,2
xiaojieonly/Ehviewer_CN_SXJ,9e43d91,2024-02-03T06:02:55Z,7
xiaojieonly/Ehviewer_CN_SXJ,e4cb813,2024-02-03T06:02:44Z,64
xiaojieonly/Ehviewer_CN_SXJ,4722b4c,2024-02-03T05:07:26Z,1
xiaojieonly/Ehviewer_CN_SXJ,8487014,2024-02-03T04:47:37Z,6
xiaojieonly/Ehviewer_CN_SXJ,e77ca1e,2024-02-03T04:44:20Z,2
xiaojieonly/Ehviewer_CN_SXJ,130b879,2024-02-03T04:43:51Z,7
xiaojieonly/Ehviewer_CN_SXJ,ca8d675,2024-02-03T04:43:42Z,16
xiaojieonly/Ehviewer_CN_SXJ,4748b8b,2024-02-03T04:21:17Z,7
xiaojieonly/Ehviewer_CN_SXJ,eaa3274,2024-02-03T04:13:58Z,18
xiaojieonly/Ehviewer_CN_SXJ,cbb9d9d,2024-02-03T04:13:48Z,2
xiaojieonly/Ehviewer_CN_SXJ,2a0d0ea,2024-02-03T04:12:10Z,4
xiaojieonly/Ehviewer_CN_SXJ,9945882,2024-02-03T02:28:50Z,18
xiaojieonly/Ehviewer_CN_SXJ,235db5f,2024-02-03T02:06:40Z,27
xiaojieonly/Ehviewer_CN_SXJ,8174d44,2024-02-03T01:52:09Z,2
xiaojieonly/Ehviewer_CN_SXJ,2535b26,2024-01-29T10:18:28Z,1996
xiaojieonly/Ehviewer_CN_SXJ,d862d88,2024-01-29T07:04:26Z,1446
xiaojieonly/Ehviewer_CN_SXJ,636de77,2024-01-26T10:18:05Z,301
xiaojieonly/Ehviewer_CN_SXJ,d71def6,2024-01-24T08:06:23Z,7
xiaojieonly/Ehviewer_CN_SXJ,4761c4d,2024-01-19T10:30:37Z,496
xiaojieonly/Ehviewer_CN_SXJ,9a4b8cb,2024-01-17T02:35:19Z,24
xiaojieonly/Ehviewer_CN_SXJ,cb25b23,2024-01-17T02:16:42Z,22
xiaojieonly/Ehviewer_CN_SXJ,f440f4e,2024-01-17T02:15:20Z,3683
xiaojieonly/Ehviewer_CN_SXJ,2edd0cf,2024-01-12T07:01:47Z,77
xiaojieonly/Ehviewer_CN_SXJ,d743333,2024-01-12T06:54:15Z,20
xiaojieonly/Ehviewer_CN_SXJ,560f504,2024-01-12T06:09:06Z,27
xiaojieonly/Ehviewer_CN_SXJ,d8d99cc,2024-01-11T08:40:52Z,141
xiaojieonly/Ehviewer_CN_SXJ,1cb35c8,2024-01-11T06:23:27Z,1
xiaojieonly/Ehviewer_CN_SXJ,0ee1ab6,2024-01-11T06:23:16Z,48
xiaojieonly/Ehviewer_CN_SXJ,58744a0,2024-01-09T07:46:39Z,1
xiaojieonly/Ehviewer_CN_SXJ,b7b6a4f,2024-01-08T08:51:03Z,37
xiaojieonly/Ehviewer_CN_SXJ,99c01f1,2024-01-08T02:15:51Z,15
xiaojieonly/Ehviewer_CN_SXJ,76b4126,2024-01-08T02:11:03Z,2
xiaojieonly/Ehviewer_CN_SXJ,e1425d9,2024-01-04T07:33:05Z,150
xiaojieonly/Ehviewer_CN_SXJ,f2acef7,2023-12-31T16:01:11Z,14
xiaojieonly/Ehviewer_CN_SXJ,40c79b0,2023-12-31T15:32:45Z,2
xiaojieonly/Ehviewer_CN_SXJ,17ac3c6,2023-12-29T07:42:28Z,2590
xiaojieonly/Ehviewer_CN_SXJ,f2dd64e,2023-12-27T09:21:46Z,5510
xiaojieonly/Ehviewer_CN_SXJ,77d5b70,2023-12-26T08:35:12Z,107
xiaojieonly/Ehviewer_CN_SXJ,461ca5c,2023-12-24T12:00:08Z,29
xiaojieonly/Ehviewer_CN_SXJ,1c8d972,2023-12-24T09:58:24Z,56
xiaojieonly/Ehviewer_CN_SXJ,37b1aee,2023-12-20T10:05:05Z,20
xiaojieonly/Ehviewer_CN_SXJ,02842b7,2023-12-20T10:02:30Z,2
xiaojieonly/Ehviewer_CN_SXJ,2fdd45a,2023-12-17T02:45:53Z,1
xiaojieonly/Ehviewer_CN_SXJ,ae17e7b,2023-12-17T02:41:54Z,13
xiaojieonly/Ehviewer_CN_SXJ,0b2a45a,2023-12-17T02:22:54Z,1
xiaojieonly/Ehviewer_CN_SXJ,2f2ad5a,2023-12-17T02:21:38Z,2
xiaojieonly/Ehviewer_CN_SXJ,cfaa64a,2023-12-15T02:24:29Z,29
xiaojieonly/Ehviewer_CN_SXJ,3e088db,2023-12-15T02:24:06Z,1
xiaojieonly/Ehviewer_CN_SXJ,cefc7fb,2023-12-11T14:53:32Z,2
xiaojieonly/Ehviewer_CN_SXJ,5f4e0ee,2023-12-11T14:47:09Z,27
xiaojieonly/Ehviewer_CN_SXJ,a2b5fde,2023-12-11T10:12:01Z,78
xiaojieonly/Ehviewer_CN_SXJ,6416ec8,2023-12-11T08:19:18Z,14
xiaojieonly/Ehviewer_CN_SXJ,ca56700,2023-12-11T08:18:45Z,48
xiaojieonly/Ehviewer_CN_SXJ,091f87d,2023-12-03T04:41:22Z,13
xiaojieonly/Ehviewer_CN_SXJ,c93878b,2023-12-03T04:32:47Z,239
xiaojieonly/Ehviewer_CN_SXJ,55a6729,2023-12-03T03:59:26Z,100
xiaojieonly/Ehviewer_CN_SXJ,d0d5881,2023-12-03T03:55:26Z,6
xiaojieonly/Ehviewer_CN_SXJ,18b681d,2023-11-17T09:55:14Z,23
xiaojieonly/Ehviewer_CN_SXJ,d9517d7,2023-11-17T09:54:53Z,632
xiaojieonly/Ehviewer_CN_SXJ,3cd4469,2023-11-13T11:52:17Z,13
xiaojieonly/Ehviewer_CN_SXJ,d631f56,2023-11-13T11:36:09Z,10
xiaojieonly/Ehviewer_CN_SXJ,2e9fd45,2023-11-13T06:44:40Z,6
xiaojieonly/Ehviewer_CN_SXJ,662063b,2023-11-11T12:00:07Z,9
xiaojieonly/Ehviewer_CN_SXJ,da7e2af,2023-11-11T11:59:55Z,53
xiaojieonly/Ehviewer_CN_SXJ,c10e415,2023-11-11T11:56:19Z,9
xiaojieonly/Ehviewer_CN_SXJ,62845aa,2023-11-11T05:48:49Z,11
xiaojieonly/Ehviewer_CN_SXJ,c87fb68,2023-11-11T05:46:14Z,70
xiaojieonly/Ehviewer_CN_SXJ,420383a,2023-11-11T05:42:15Z,11
xiaojieonly/Ehviewer_CN_SXJ,31b95ed,2023-11-11T04:56:28Z,2
xiaojieonly/Ehviewer_CN_SXJ,33ae123,2023-11-01T11:43:39Z,22
xiaojieonly/Ehviewer_CN_SXJ,d853273,2023-11-01T05:22:14Z,14
xiaojieonly/Ehviewer_CN_SXJ,84719b9,2023-11-01T05:16:51Z,144
xiaojieonly/Ehviewer_CN_SXJ,60dc504,2023-10-29T08:10:45Z,172
xiaojieonly/Ehviewer_CN_SXJ,7cd0e44,2023-10-29T06:43:41Z,27
xiaojieonly/Ehviewer_CN_SXJ,0dad33b,2023-10-29T06:43:10Z,2
xiaojieonly/Ehviewer_CN_SXJ,8ce124b,2023-10-29T01:21:47Z,12
xiaojieonly/Ehviewer_CN_SXJ,5fa6703,2023-10-29T00:59:26Z,3
xiaojieonly/Ehviewer_CN_SXJ,1c8a001,2023-10-29T00:56:04Z,2
xiaojieonly/Ehviewer_CN_SXJ,3441326,2023-10-28T10:32:25Z,2
xiaojieonly/Ehviewer_CN_SXJ,44a5f53,2023-10-28T10:30:58Z,2
xiaojieonly/Ehviewer_CN_SXJ,d561610,2023-10-27T13:44:35Z,180
xiaojieonly/Ehviewer_CN_SXJ,04058af,2023-10-27T13:42:06Z,4
xiaojieonly/Ehviewer_CN_SXJ,d1ceb36,2023-10-27T13:24:43Z,8
xiaojieonly/Ehviewer_CN_SXJ,70c68e2,2023-10-27T12:03:10Z,8
xiaojieonly/Ehviewer_CN_SXJ,7c640c2,2023-10-27T12:00:14Z,4
xiaojieonly/Ehviewer_CN_SXJ,eb28fd1,2023-10-27T11:59:03Z,8
xiaojieonly/Ehviewer_CN_SXJ,eeaeba8,2023-10-27T11:12:15Z,28
xiaojieonly/Ehviewer_CN_SXJ,04efd4d,2023-10-27T09:54:11Z,137
xiaojieonly/Ehviewer_CN_SXJ,3bd96dd,2023-10-21T02:40:38Z,2
xiaojieonly/Ehviewer_CN_SXJ,2b74182,2023-10-21T02:39:58Z,3
xiaojieonly/Ehviewer_CN_SXJ,378af22,2023-10-21T02:39:40Z,10
xiaojieonly/Ehviewer_CN_SXJ,e1ecda1,2023-10-21T02:29:07Z,11
xiaojieonly/Ehviewer_CN_SXJ,bccf4af,2023-10-20T10:31:37Z,32
xiaojieonly/Ehviewer_CN_SXJ,5bbde4c,2023-10-18T03:48:05Z,3
xiaojieonly/Ehviewer_CN_SXJ,8fa8b7a,2023-10-17T11:52:44Z,4
xiaojieonly/Ehviewer_CN_SXJ,b6d75a4,2023-10-17T11:50:54Z,31
xiaojieonly/Ehviewer_CN_SXJ,96a4c52,2023-10-16T13:35:14Z,4
xiaojieonly/Ehviewer_CN_SXJ,d18af98,2023-10-16T11:55:48Z,1
xiaojieonly/Ehviewer_CN_SXJ,a949edf,2023-10-16T11:53:51Z,12
xiaojieonly/Ehviewer_CN_SXJ,f6364c7,2023-10-16T09:18:13Z,1182
xiaojieonly/Ehviewer_CN_SXJ,12bced8,2023-10-07T09:19:29Z,12
xiaojieonly/Ehviewer_CN_SXJ,a946c13,2023-10-07T09:19:29Z,262
xiaojieonly/Ehviewer_CN_SXJ,aa89315,2023-09-27T12:36:51Z,12
xiaojieonly/Ehviewer_CN_SXJ,42d2e6a,2023-09-26T07:55:30Z,452
xiaojieonly/Ehviewer_CN_SXJ,e201aff,2023-09-04T06:10:03Z,2
xiaojieonly/Ehviewer_CN_SXJ,3ff37a4,2023-09-03T05:02:52Z,4
xiaojieonly/Ehviewer_CN_SXJ,09d1910,2023-09-03T05:02:16Z,6
xiaojieonly/Ehviewer_CN_SXJ,1b50c3d,2023-09-03T05:01:48Z,4
xiaojieonly/Ehviewer_CN_SXJ,02cad7b,2023-09-03T05:01:19Z,5
xiaojieonly/Ehviewer_CN_SXJ,dcff56a,2023-09-03T04:53:12Z,13
