FFmpeg/FFmpeg,050c80a,38
FFmpeg/FFmpeg,0c20eda,41
FFmpeg/FFmpeg,0cd75db,30
FFmpeg/FFmpeg,0db8913,5
FFmpeg/FFmpeg,111fabf,15
FFmpeg/FFmpeg,23720df,94
FFmpeg/FFmpeg,23cfcf9,18
FFmpeg/FFmpeg,24cdd41,10
FFmpeg/FFmpeg,2b221fd,6
FFmpeg/FFmpeg,2ca072e,4
FFmpeg/FFmpeg,300cd2c,2
FFmpeg/FFmpeg,3135bc0,36
FFmpeg/FFmpeg,363a34a,2
FFmpeg/FFmpeg,3934089,190
FFmpeg/FFmpeg,3bcf2be,3
FFmpeg/FFmpeg,4b6e40a,14
FFmpeg/FFmpeg,554ae5a,3
FFmpeg/FFmpeg,56dea1a,101
FFmpeg/FFmpeg,5717c5c,28
FFmpeg/FFmpeg,575e9e9,54
FFmpeg/FFmpeg,58d26c2,1
FFmpeg/FFmpeg,5dadae9,6
FFmpeg/FFmpeg,6588bf3,27
FFmpeg/FFmpeg,6f4a3be,74
FFmpeg/FFmpeg,7018ce1,29
FFmpeg/FFmpeg,714cbf1,36
FFmpeg/FFmpeg,7411998,68
FFmpeg/FFmpeg,7690008,3
FFmpeg/FFmpeg,775b102,17
FFmpeg/FFmpeg,7af5b5c,22
FFmpeg/FFmpeg,7b2ae2c,136
FFmpeg/FFmpeg,81362b3,15
FFmpeg/FFmpeg,8443940,167
FFmpeg/FFmpeg,86aa1b8,22
FFmpeg/FFmpeg,8c0314d,5
FFmpeg/FFmpeg,8fb6b0c,29
FFmpeg/FFmpeg,90551b7,5
FFmpeg/FFmpeg,9628581,6
FFmpeg/FFmpeg,99fb257,50
FFmpeg/FFmpeg,9e09be5,5
FFmpeg/FFmpeg,a1154b7,6
FFmpeg/FFmpeg,a160e4a,6
FFmpeg/FFmpeg,a75b15a,12
FFmpeg/FFmpeg,aabaab1,99
FFmpeg/FFmpeg,be99986,3
FFmpeg/FFmpeg,c0044ec,36
FFmpeg/FFmpeg,cac5018,3
FFmpeg/FFmpeg,d52bca3,10
FFmpeg/FFmpeg,dcc1011,13
FFmpeg/FFmpeg,e59ed34,44
FFmpeg/FFmpeg,eccbbd5,156
FFmpeg/FFmpeg,ed5e0f9,196
FFmpeg/FFmpeg,efd6e85,2
FFmpeg/FFmpeg,f017806,48
FFmpeg/FFmpeg,f0f7834,15
FFmpeg/FFmpeg,f397fe8,71
FFmpeg/FFmpeg,f790de2,141
FFmpeg/FFmpeg,f7aaa8e,8
FFmpeg/FFmpeg,faa382e,3
FFmpeg/FFmpeg,fd4e86b,18
Genymobile/scrcpy,017a367,27
Genymobile/scrcpy,0628ffc,8
Genymobile/scrcpy,0a09518,5
Genymobile/scrcpy,0e2d084,42
Genymobile/scrcpy,0e473eb,47
Genymobile/scrcpy,0fd7534,22
Genymobile/scrcpy,131372d,86
Genymobile/scrcpy,1786f28,20
Genymobile/scrcpy,17e205e,12
Genymobile/scrcpy,1d2f16d,14
Genymobile/scrcpy,1fd57ed,50
Genymobile/scrcpy,2780e0b,22
Genymobile/scrcpy,27a5934,65
Genymobile/scrcpy,28b5bfb,28
Genymobile/scrcpy,28c372e,2
Genymobile/scrcpy,2ed2247,10
Genymobile/scrcpy,2f44da7,24
Genymobile/scrcpy,328bb74,8
Genymobile/scrcpy,36574d2,2
Genymobile/scrcpy,3b2b362,31
Genymobile/scrcpy,3d1f036,6
Genymobile/scrcpy,3d478d7,14
Genymobile/scrcpy,3d5294c,17
Genymobile/scrcpy,3e68902,3
Genymobile/scrcpy,48fc18e,10
Genymobile/scrcpy,4bd1c59,162
Genymobile/scrcpy,54e1f8e,2
Genymobile/scrcpy,5ae0174,8
Genymobile/scrcpy,5c3626e,8
Genymobile/scrcpy,5df218d,16
Genymobile/scrcpy,5e05f2a,10
Genymobile/scrcpy,5febb1e,40
Genymobile/scrcpy,618a978,90
Genymobile/scrcpy,6469054,4
Genymobile/scrcpy,65256d7,4
Genymobile/scrcpy,678025b,4
Genymobile/scrcpy,6926470,3
Genymobile/scrcpy,6a81fc4,44
Genymobile/scrcpy,6c6607d,55
Genymobile/scrcpy,6d0ac36,11
Genymobile/scrcpy,6f9520f,15
Genymobile/scrcpy,73b595c,2
Genymobile/scrcpy,7418fd0,18
Genymobile/scrcpy,74aecc0,74
Genymobile/scrcpy,754f4fc,10
Genymobile/scrcpy,7fc6943,36
Genymobile/scrcpy,7fef051,1
Genymobile/scrcpy,86a68fa,13
Genymobile/scrcpy,93da693,38
Genymobile/scrcpy,9555d3a,4
Genymobile/scrcpy,95c4f03,2
Genymobile/scrcpy,97fa77c,14
Genymobile/scrcpy,9881748,2
Genymobile/scrcpy,98d2065,14
Genymobile/scrcpy,9cf4d52,6
Genymobile/scrcpy,a18ed1e,38
Genymobile/scrcpy,a507b4f,5
Genymobile/scrcpy,a571800,70
Genymobile/scrcpy,a7efb18,144
Genymobile/scrcpy,a9aadc9,8
Genymobile/scrcpy,aca6d30,76
Genymobile/scrcpy,acddd81,20
Genymobile/scrcpy,aea6a37,12
Genymobile/scrcpy,b26b4fb,27
Genymobile/scrcpy,b2cdaa4,52
Genymobile/scrcpy,baa10ed,42
Genymobile/scrcpy,beee42f,58
Genymobile/scrcpy,c1351b2,71
Genymobile/scrcpy,c59a3c3,28
Genymobile/scrcpy,cb19686,163
Genymobile/scrcpy,d01373c,8
Genymobile/scrcpy,d40224f,84
Genymobile/scrcpy,d74f564,2
Genymobile/scrcpy,da8ade8,2
Genymobile/scrcpy,dc2fcc4,5
Genymobile/scrcpy,dc6c279,3
Genymobile/scrcpy,ea6a94d,12
Genymobile/scrcpy,ec4e826,12
Genymobile/scrcpy,ee9f712,4
Genymobile/scrcpy,f2018e0,5
Genymobile/scrcpy,f751274,10
Genymobile/scrcpy,f90dc21,30
Genymobile/scrcpy,fb47b87,4
Genymobile/scrcpy,ff06b6d,79
SamyPesse/How-to-Make-a-Computer-Operating-System,0064917,2
SamyPesse/How-to-Make-a-Computer-Operating-System,0096079,2
SamyPesse/How-to-Make-a-Computer-Operating-System,01469c4,2
SamyPesse/How-to-Make-a-Computer-Operating-System,020a5e2,7
SamyPesse/How-to-Make-a-Computer-Operating-System,026c3bd,2
SamyPesse/How-to-Make-a-Computer-Operating-System,04bc828,2
SamyPesse/How-to-Make-a-Computer-Operating-System,04bd0d2,2
SamyPesse/How-to-Make-a-Computer-Operating-System,05b5913,6
SamyPesse/How-to-Make-a-Computer-Operating-System,05dee07,2
SamyPesse/How-to-Make-a-Computer-Operating-System,06513cd,2
SamyPesse/How-to-Make-a-Computer-Operating-System,06b0453,18
SamyPesse/How-to-Make-a-Computer-Operating-System,0800d91,2
SamyPesse/How-to-Make-a-Computer-Operating-System,08a20dd,2
SamyPesse/How-to-Make-a-Computer-Operating-System,0c40014,0
SamyPesse/How-to-Make-a-Computer-Operating-System,11f048e,6
SamyPesse/How-to-Make-a-Computer-Operating-System,14c549f,2
SamyPesse/How-to-Make-a-Computer-Operating-System,168c838,12
SamyPesse/How-to-Make-a-Computer-Operating-System,17942a2,2
SamyPesse/How-to-Make-a-Computer-Operating-System,17b189d,2
SamyPesse/How-to-Make-a-Computer-Operating-System,189e35f,4
SamyPesse/How-to-Make-a-Computer-Operating-System,1b96237,2
SamyPesse/How-to-Make-a-Computer-Operating-System,1c027ce,2
SamyPesse/How-to-Make-a-Computer-Operating-System,1d94a44,16
SamyPesse/How-to-Make-a-Computer-Operating-System,1ea1483,2
SamyPesse/How-to-Make-a-Computer-Operating-System,1ec6c67,2
SamyPesse/How-to-Make-a-Computer-Operating-System,1f17165,0
SamyPesse/How-to-Make-a-Computer-Operating-System,226cd9c,2
SamyPesse/How-to-Make-a-Computer-Operating-System,24aab67,2
SamyPesse/How-to-Make-a-Computer-Operating-System,2534bbb,0
SamyPesse/How-to-Make-a-Computer-Operating-System,27871e0,4
SamyPesse/How-to-Make-a-Computer-Operating-System,278a501,2
SamyPesse/How-to-Make-a-Computer-Operating-System,295213d,46
SamyPesse/How-to-Make-a-Computer-Operating-System,2a58cba,2
SamyPesse/How-to-Make-a-Computer-Operating-System,2b3a11f,0
SamyPesse/How-to-Make-a-Computer-Operating-System,2d8c36e,4
SamyPesse/How-to-Make-a-Computer-Operating-System,30941bc,18
SamyPesse/How-to-Make-a-Computer-Operating-System,31508ad,0
SamyPesse/How-to-Make-a-Computer-Operating-System,3467644,1
SamyPesse/How-to-Make-a-Computer-Operating-System,36faf5e,2
SamyPesse/How-to-Make-a-Computer-Operating-System,3735205,2
SamyPesse/How-to-Make-a-Computer-Operating-System,38adfc0,2
SamyPesse/How-to-Make-a-Computer-Operating-System,38f2252,14
SamyPesse/How-to-Make-a-Computer-Operating-System,39f1d5e,8
SamyPesse/How-to-Make-a-Computer-Operating-System,3adb7e0,2
SamyPesse/How-to-Make-a-Computer-Operating-System,3b6fa1a,14
SamyPesse/How-to-Make-a-Computer-Operating-System,3bc191f,66
SamyPesse/How-to-Make-a-Computer-Operating-System,3c28fee,2
SamyPesse/How-to-Make-a-Computer-Operating-System,3e7b6e6,2
SamyPesse/How-to-Make-a-Computer-Operating-System,3e8f219,2
SamyPesse/How-to-Make-a-Computer-Operating-System,3ea7832,3
SamyPesse/How-to-Make-a-Computer-Operating-System,477403e,14
SamyPesse/How-to-Make-a-Computer-Operating-System,487ed1c,12
SamyPesse/How-to-Make-a-Computer-Operating-System,49646cb,2
SamyPesse/How-to-Make-a-Computer-Operating-System,4aaf398,2
SamyPesse/How-to-Make-a-Computer-Operating-System,4b3f095,0
SamyPesse/How-to-Make-a-Computer-Operating-System,4c60083,62
SamyPesse/How-to-Make-a-Computer-Operating-System,4d89893,2
SamyPesse/How-to-Make-a-Computer-Operating-System,4dabea7,44
SamyPesse/How-to-Make-a-Computer-Operating-System,4fb7c79,2
SamyPesse/How-to-Make-a-Computer-Operating-System,5109709,2
SamyPesse/How-to-Make-a-Computer-Operating-System,57d486f,2
SamyPesse/How-to-Make-a-Computer-Operating-System,5b21446,2
SamyPesse/How-to-Make-a-Computer-Operating-System,6075cfc,2
SamyPesse/How-to-Make-a-Computer-Operating-System,60f2117,12
SamyPesse/How-to-Make-a-Computer-Operating-System,638c87b,2
SamyPesse/How-to-Make-a-Computer-Operating-System,650097c,2
SamyPesse/How-to-Make-a-Computer-Operating-System,664755b,1
SamyPesse/How-to-Make-a-Computer-Operating-System,66ea7ec,60
SamyPesse/How-to-Make-a-Computer-Operating-System,66fc492,48
SamyPesse/How-to-Make-a-Computer-Operating-System,67a8b54,2
SamyPesse/How-to-Make-a-Computer-Operating-System,6a68ae0,2
SamyPesse/How-to-Make-a-Computer-Operating-System,6a9e130,8
SamyPesse/How-to-Make-a-Computer-Operating-System,6ace1f4,2
SamyPesse/How-to-Make-a-Computer-Operating-System,6de975f,2
SamyPesse/How-to-Make-a-Computer-Operating-System,7024b98,10
SamyPesse/How-to-Make-a-Computer-Operating-System,733d36d,8
SamyPesse/How-to-Make-a-Computer-Operating-System,740bccc,12
SamyPesse/How-to-Make-a-Computer-Operating-System,7a2ea63,2
SamyPesse/How-to-Make-a-Computer-Operating-System,7cd6dd0,2
SamyPesse/How-to-Make-a-Computer-Operating-System,7dbb755,8
SamyPesse/How-to-Make-a-Computer-Operating-System,7ee2fda,0
SamyPesse/How-to-Make-a-Computer-Operating-System,80a2392,2
SamyPesse/How-to-Make-a-Computer-Operating-System,8188904,1
SamyPesse/How-to-Make-a-Computer-Operating-System,81c6171,2
SamyPesse/How-to-Make-a-Computer-Operating-System,851aa96,2
SamyPesse/How-to-Make-a-Computer-Operating-System,89158cb,2
SamyPesse/How-to-Make-a-Computer-Operating-System,8aa0ffc,4
SamyPesse/How-to-Make-a-Computer-Operating-System,8b0d743,17
SamyPesse/How-to-Make-a-Computer-Operating-System,8b39e19,2
SamyPesse/How-to-Make-a-Computer-Operating-System,8d72687,2
SamyPesse/How-to-Make-a-Computer-Operating-System,8f89f91,2
SamyPesse/How-to-Make-a-Computer-Operating-System,8fa63dd,2
SamyPesse/How-to-Make-a-Computer-Operating-System,8fd38fe,2
SamyPesse/How-to-Make-a-Computer-Operating-System,908886a,2
SamyPesse/How-to-Make-a-Computer-Operating-System,91eabe2,2
SamyPesse/How-to-Make-a-Computer-Operating-System,933df00,2
SamyPesse/How-to-Make-a-Computer-Operating-System,94b12b7,24
SamyPesse/How-to-Make-a-Computer-Operating-System,9845a38,12
SamyPesse/How-to-Make-a-Computer-Operating-System,98d2fd6,0
SamyPesse/How-to-Make-a-Computer-Operating-System,9962459,45
SamyPesse/How-to-Make-a-Computer-Operating-System,9a0c2bd,2
SamyPesse/How-to-Make-a-Computer-Operating-System,9b6d3c8,4
SamyPesse/How-to-Make-a-Computer-Operating-System,9be3ccd,54
SamyPesse/How-to-Make-a-Computer-Operating-System,a051d01,2
SamyPesse/How-to-Make-a-Computer-Operating-System,a124d7d,2
SamyPesse/How-to-Make-a-Computer-Operating-System,a1d99b4,2
SamyPesse/How-to-Make-a-Computer-Operating-System,a3a6a86,10
SamyPesse/How-to-Make-a-Computer-Operating-System,a56a6a8,2
SamyPesse/How-to-Make-a-Computer-Operating-System,a7b3d23,2
SamyPesse/How-to-Make-a-Computer-Operating-System,a8840b5,2
SamyPesse/How-to-Make-a-Computer-Operating-System,aacfb6f,2
SamyPesse/How-to-Make-a-Computer-Operating-System,ad9a633,2
SamyPesse/How-to-Make-a-Computer-Operating-System,ada8a46,12
SamyPesse/How-to-Make-a-Computer-Operating-System,add1916,12
SamyPesse/How-to-Make-a-Computer-Operating-System,b002b7e,10
SamyPesse/How-to-Make-a-Computer-Operating-System,b0093e6,12
SamyPesse/How-to-Make-a-Computer-Operating-System,b0bfc5e,2
SamyPesse/How-to-Make-a-Computer-Operating-System,b3c1d9a,4
SamyPesse/How-to-Make-a-Computer-Operating-System,b3e09f8,6
SamyPesse/How-to-Make-a-Computer-Operating-System,b539cf4,4
SamyPesse/How-to-Make-a-Computer-Operating-System,b5d314d,0
SamyPesse/How-to-Make-a-Computer-Operating-System,b635293,2
SamyPesse/How-to-Make-a-Computer-Operating-System,b66f480,2
SamyPesse/How-to-Make-a-Computer-Operating-System,b7070c0,2
SamyPesse/How-to-Make-a-Computer-Operating-System,b9c3339,80
SamyPesse/How-to-Make-a-Computer-Operating-System,c18af1c,2
SamyPesse/How-to-Make-a-Computer-Operating-System,c213d3a,2
SamyPesse/How-to-Make-a-Computer-Operating-System,c3f4b08,9
SamyPesse/How-to-Make-a-Computer-Operating-System,c56072b,24
SamyPesse/How-to-Make-a-Computer-Operating-System,c69c5e4,11
SamyPesse/How-to-Make-a-Computer-Operating-System,c6a7b51,2
SamyPesse/How-to-Make-a-Computer-Operating-System,c78457b,20
SamyPesse/How-to-Make-a-Computer-Operating-System,ca80cb8,2
SamyPesse/How-to-Make-a-Computer-Operating-System,cb46af1,2
SamyPesse/How-to-Make-a-Computer-Operating-System,cb746d0,4
SamyPesse/How-to-Make-a-Computer-Operating-System,cb7f8d6,3
SamyPesse/How-to-Make-a-Computer-Operating-System,cbb9a63,4
SamyPesse/How-to-Make-a-Computer-Operating-System,ce214cd,2
SamyPesse/How-to-Make-a-Computer-Operating-System,cf4bc71,5
SamyPesse/How-to-Make-a-Computer-Operating-System,d14cd73,2
SamyPesse/How-to-Make-a-Computer-Operating-System,d1a251b,6
SamyPesse/How-to-Make-a-Computer-Operating-System,d40ee46,2
SamyPesse/How-to-Make-a-Computer-Operating-System,d4ed813,11
SamyPesse/How-to-Make-a-Computer-Operating-System,d67ce07,12
SamyPesse/How-to-Make-a-Computer-Operating-System,d7d0916,20
SamyPesse/How-to-Make-a-Computer-Operating-System,db02f5e,8
SamyPesse/How-to-Make-a-Computer-Operating-System,dc2ec7d,2
SamyPesse/How-to-Make-a-Computer-Operating-System,dc8c81c,2
SamyPesse/How-to-Make-a-Computer-Operating-System,df25c7f,2
SamyPesse/How-to-Make-a-Computer-Operating-System,e19fe61,2
SamyPesse/How-to-Make-a-Computer-Operating-System,e24b375,12
SamyPesse/How-to-Make-a-Computer-Operating-System,e3806a3,45
SamyPesse/How-to-Make-a-Computer-Operating-System,e3e44ee,4
SamyPesse/How-to-Make-a-Computer-Operating-System,e5791f4,2
SamyPesse/How-to-Make-a-Computer-Operating-System,e5ef8d1,2
SamyPesse/How-to-Make-a-Computer-Operating-System,e64a062,4
SamyPesse/How-to-Make-a-Computer-Operating-System,eb30f88,4
SamyPesse/How-to-Make-a-Computer-Operating-System,ec200d1,0
SamyPesse/How-to-Make-a-Computer-Operating-System,ee5d737,2
SamyPesse/How-to-Make-a-Computer-Operating-System,ef1fc4c,90
SamyPesse/How-to-Make-a-Computer-Operating-System,f01f413,2
SamyPesse/How-to-Make-a-Computer-Operating-System,f1aed4b,2
SamyPesse/How-to-Make-a-Computer-Operating-System,f26d612,6
SamyPesse/How-to-Make-a-Computer-Operating-System,f5264c7,26
SamyPesse/How-to-Make-a-Computer-Operating-System,f577c42,19
SamyPesse/How-to-Make-a-Computer-Operating-System,f829113,2
SamyPesse/How-to-Make-a-Computer-Operating-System,f9b94fc,2
SamyPesse/How-to-Make-a-Computer-Operating-System,fa35456,2
TheAlgorithms/C,03e8924,0
TheAlgorithms/C,07e4661,0
TheAlgorithms/C,18c677d,0
TheAlgorithms/C,2651ff5,0
TheAlgorithms/C,295a9ad,80
TheAlgorithms/C,2ba9626,0
TheAlgorithms/C,2caed65,0
TheAlgorithms/C,32c7256,0
TheAlgorithms/C,336af14,75
TheAlgorithms/C,352bd8a,0
TheAlgorithms/C,39314b3,0
TheAlgorithms/C,4d01cb2,0
TheAlgorithms/C,50ea49e,0
TheAlgorithms/C,522183b,0
TheAlgorithms/C,5581dac,0
TheAlgorithms/C,57efe66,0
TheAlgorithms/C,580c501,0
TheAlgorithms/C,590173e,0
TheAlgorithms/C,5cc83fe,0
TheAlgorithms/C,63ea12b,0
TheAlgorithms/C,72c9b26,0
TheAlgorithms/C,7b1bba8,0
TheAlgorithms/C,7b59c41,0
TheAlgorithms/C,7c815b8,0
TheAlgorithms/C,7f38942,0
TheAlgorithms/C,81d568d,0
TheAlgorithms/C,8513174,0
TheAlgorithms/C,8d2ca00,0
TheAlgorithms/C,8fccc20,0
TheAlgorithms/C,93e1bfc,0
TheAlgorithms/C,9737426,0
TheAlgorithms/C,990583f,0
TheAlgorithms/C,a78893e,0
TheAlgorithms/C,bb20a25,22
TheAlgorithms/C,bdb81df,2
TheAlgorithms/C,beade2d,0
TheAlgorithms/C,c532a38,0
TheAlgorithms/C,c5ce24d,0
TheAlgorithms/C,cf4be88,0
TheAlgorithms/C,cf4e320,0
TheAlgorithms/C,d43566a,0
TheAlgorithms/C,d56652d,0
TheAlgorithms/C,ddc689a,0
TheAlgorithms/C,e5543d5,0
TheAlgorithms/C,e63c806,0
TheAlgorithms/C,e77581f,0
TheAlgorithms/C,e8cebc3,0
TheAlgorithms/C,eda34bc,0
TheAlgorithms/C,f0b872e,0
TheAlgorithms/C,f742e96,101
ValdikSS/GoodbyeDPI,03cb084,2
ValdikSS/GoodbyeDPI,09089e0,3
ValdikSS/GoodbyeDPI,11c322a,2
ValdikSS/GoodbyeDPI,14fb025,39
ValdikSS/GoodbyeDPI,15793fb,34
ValdikSS/GoodbyeDPI,15eb10a,48
ValdikSS/GoodbyeDPI,1646464,8
ValdikSS/GoodbyeDPI,16f2a8f,9
ValdikSS/GoodbyeDPI,1a867dd,11
ValdikSS/GoodbyeDPI,1cfd2b1,2
ValdikSS/GoodbyeDPI,1ea70f9,5
ValdikSS/GoodbyeDPI,207a2f7,2
ValdikSS/GoodbyeDPI,277b1fb,2
ValdikSS/GoodbyeDPI,27a6d25,3
ValdikSS/GoodbyeDPI,3114036,2
ValdikSS/GoodbyeDPI,311b26e,2
ValdikSS/GoodbyeDPI,372cc6a,7
ValdikSS/GoodbyeDPI,3837635,5
ValdikSS/GoodbyeDPI,406cf2c,2
ValdikSS/GoodbyeDPI,46219e9,182
ValdikSS/GoodbyeDPI,46c4f36,52
ValdikSS/GoodbyeDPI,46e6c8f,2
ValdikSS/GoodbyeDPI,4a82fd4,1
ValdikSS/GoodbyeDPI,4a8f7ac,1
ValdikSS/GoodbyeDPI,4c846c7,2
ValdikSS/GoodbyeDPI,4f18a73,2
ValdikSS/GoodbyeDPI,4fbfeb8,1
ValdikSS/GoodbyeDPI,54349a1,8
ValdikSS/GoodbyeDPI,5494be7,2
ValdikSS/GoodbyeDPI,54f810b,3
ValdikSS/GoodbyeDPI,55a3a94,2
ValdikSS/GoodbyeDPI,60dd3cb,5
ValdikSS/GoodbyeDPI,62f2953,2
ValdikSS/GoodbyeDPI,6304328,3
ValdikSS/GoodbyeDPI,67629fb,1
ValdikSS/GoodbyeDPI,67c226d,48
ValdikSS/GoodbyeDPI,68a68ae,17
ValdikSS/GoodbyeDPI,68bc676,4
ValdikSS/GoodbyeDPI,6b2f3cf,101
ValdikSS/GoodbyeDPI,6ee4101,4
ValdikSS/GoodbyeDPI,6eec99e,2
ValdikSS/GoodbyeDPI,74822fc,30
ValdikSS/GoodbyeDPI,754ff6f,2
ValdikSS/GoodbyeDPI,766a8ab,1
ValdikSS/GoodbyeDPI,76c4658,124
ValdikSS/GoodbyeDPI,78ae517,23
ValdikSS/GoodbyeDPI,79bda5c,168
ValdikSS/GoodbyeDPI,7b66094,5
ValdikSS/GoodbyeDPI,7e43110,19
ValdikSS/GoodbyeDPI,7f59593,8
ValdikSS/GoodbyeDPI,810aef6,143
ValdikSS/GoodbyeDPI,8383eca,2
ValdikSS/GoodbyeDPI,83af8cc,1
ValdikSS/GoodbyeDPI,8401dfc,30
ValdikSS/GoodbyeDPI,857aeb2,1
ValdikSS/GoodbyeDPI,86867fe,11
ValdikSS/GoodbyeDPI,8716708,8
ValdikSS/GoodbyeDPI,8911e45,6
ValdikSS/GoodbyeDPI,8a0bef0,2
ValdikSS/GoodbyeDPI,8deacbc,2
ValdikSS/GoodbyeDPI,905d3c9,1
ValdikSS/GoodbyeDPI,938dce7,114
ValdikSS/GoodbyeDPI,95c5ca8,1
ValdikSS/GoodbyeDPI,985a09c,7
ValdikSS/GoodbyeDPI,99c403c,2
ValdikSS/GoodbyeDPI,9bb1bc5,3
ValdikSS/GoodbyeDPI,9bfce31,14
ValdikSS/GoodbyeDPI,9e98b47,4
ValdikSS/GoodbyeDPI,9fcf097,10
ValdikSS/GoodbyeDPI,a1fb62f,2
ValdikSS/GoodbyeDPI,a5c2f9f,47
ValdikSS/GoodbyeDPI,a6c7169,7
ValdikSS/GoodbyeDPI,a79377f,4
ValdikSS/GoodbyeDPI,a95fe3e,2
ValdikSS/GoodbyeDPI,aab7842,99
ValdikSS/GoodbyeDPI,ab74ddc,7
ValdikSS/GoodbyeDPI,abcca5e,2
ValdikSS/GoodbyeDPI,abd2e77,1
ValdikSS/GoodbyeDPI,ad18fb9,2
ValdikSS/GoodbyeDPI,ae73980,4
ValdikSS/GoodbyeDPI,b08836d,8
ValdikSS/GoodbyeDPI,b1273c8,6
ValdikSS/GoodbyeDPI,b3c9ff8,8
ValdikSS/GoodbyeDPI,b7190f0,3
ValdikSS/GoodbyeDPI,b799b33,16
ValdikSS/GoodbyeDPI,ba015cf,10
ValdikSS/GoodbyeDPI,bb8bafb,105
ValdikSS/GoodbyeDPI,bbb7e4c,1
ValdikSS/GoodbyeDPI,bc82203,2
ValdikSS/GoodbyeDPI,bc95b6f,30
ValdikSS/GoodbyeDPI,c0f43a2,1
ValdikSS/GoodbyeDPI,c2784dd,2
ValdikSS/GoodbyeDPI,c4bbd0b,21
ValdikSS/GoodbyeDPI,c517169,38
ValdikSS/GoodbyeDPI,c60dbf7,1
ValdikSS/GoodbyeDPI,c8c596f,1
ValdikSS/GoodbyeDPI,c92cd77,4
ValdikSS/GoodbyeDPI,cb9cc82,4
ValdikSS/GoodbyeDPI,cc1676a,38
ValdikSS/GoodbyeDPI,cf1f2a8,2
ValdikSS/GoodbyeDPI,d031ae6,25
ValdikSS/GoodbyeDPI,d2265d3,9
ValdikSS/GoodbyeDPI,d61a9f8,2
ValdikSS/GoodbyeDPI,d7c681d,57
ValdikSS/GoodbyeDPI,d9bf7c3,4
ValdikSS/GoodbyeDPI,db37b4f,73
ValdikSS/GoodbyeDPI,dcff838,5
ValdikSS/GoodbyeDPI,e1e09f9,10
ValdikSS/GoodbyeDPI,e25d743,31
ValdikSS/GoodbyeDPI,e344f57,2
ValdikSS/GoodbyeDPI,e463f4b,6
ValdikSS/GoodbyeDPI,e9ac13b,22
ValdikSS/GoodbyeDPI,ed210cd,2
ValdikSS/GoodbyeDPI,ed42c5d,115
ValdikSS/GoodbyeDPI,ed45c42,37
ValdikSS/GoodbyeDPI,ee009cf,2
ValdikSS/GoodbyeDPI,ee4ce88,96
ValdikSS/GoodbyeDPI,f0d4212,121
ValdikSS/GoodbyeDPI,f1aece7,16
ValdikSS/GoodbyeDPI,f4edcf7,85
ValdikSS/GoodbyeDPI,f736209,15
ValdikSS/GoodbyeDPI,f94a20d,38
ValdikSS/GoodbyeDPI,f97a2d0,3
ValdikSS/GoodbyeDPI,fb55264,2
ValdikSS/GoodbyeDPI,fc15088,2
ValdikSS/GoodbyeDPI,fc6fd98,3
asmvik/yabai,048b39a,13
asmvik/yabai,0b7ce32,120
asmvik/yabai,103863a,5
asmvik/yabai,1072dcf,45
asmvik/yabai,11fe348,2
asmvik/yabai,123d3bc,2
asmvik/yabai,1816dd7,7
asmvik/yabai,1a14dc1,9
asmvik/yabai,212e5a9,7
asmvik/yabai,2292514,2
asmvik/yabai,26411a9,116
asmvik/yabai,26e9bd8,88
asmvik/yabai,2a8d15e,98
asmvik/yabai,3004430,11
asmvik/yabai,3323a80,2
asmvik/yabai,4878189,37
asmvik/yabai,4878ade,87
asmvik/yabai,4e97091,2
asmvik/yabai,5189586,8
asmvik/yabai,5360e3d,5
asmvik/yabai,57fe4f5,7
asmvik/yabai,5a5e107,49
asmvik/yabai,60380a1,9
asmvik/yabai,6428f36,46
asmvik/yabai,66955f2,25
asmvik/yabai,7314a21,4
asmvik/yabai,7535e3a,174
asmvik/yabai,7911791,73
asmvik/yabai,7b7e277,59
asmvik/yabai,7bec7d3,7
asmvik/yabai,7c320ab,4
asmvik/yabai,7c3c6f9,88
asmvik/yabai,7cf8239,4
asmvik/yabai,7f2eb87,65
asmvik/yabai,80ee08c,6
asmvik/yabai,82cda8c,2
asmvik/yabai,83c7075,111
asmvik/yabai,8dddee3,7
asmvik/yabai,8f6557f,22
asmvik/yabai,94a12f2,40
asmvik/yabai,9722adb,11
asmvik/yabai,9a02713,5
asmvik/yabai,a3dd1db,25
asmvik/yabai,a52f0f7,14
asmvik/yabai,a9617da,7
asmvik/yabai,af9d4cd,6
asmvik/yabai,afd9c72,1
asmvik/yabai,b0b0eeb,15
asmvik/yabai,b51131c,38
asmvik/yabai,b91f95e,30
asmvik/yabai,bc9bfba,5
asmvik/yabai,bcc70fa,7
asmvik/yabai,c12669b,14
asmvik/yabai,c396bab,99
asmvik/yabai,c4530a5,2
asmvik/yabai,cd940f5,21
asmvik/yabai,d1d3332,6
asmvik/yabai,d55a647,9
asmvik/yabai,d863afb,23
asmvik/yabai,db079ae,2
asmvik/yabai,e0b8b39,2
asmvik/yabai,e5370a1,13
asmvik/yabai,e5ea5ce,3
asmvik/yabai,e79eab5,87
asmvik/yabai,ec26731,25
asmvik/yabai,f32853d,50
asmvik/yabai,f37d480,7
asmvik/yabai,f5035ab,45
asmvik/yabai,fdf44f3,24
bilibili/ijkplayer,0008a7a,5
bilibili/ijkplayer,0b9e86a,17
bilibili/ijkplayer,0d75e47,95
bilibili/ijkplayer,1361a9e,57
bilibili/ijkplayer,13f3bf3,1
bilibili/ijkplayer,1439b2b,4
bilibili/ijkplayer,1aea6ad,2
bilibili/ijkplayer,207a352,6
bilibili/ijkplayer,22fd67e,2
bilibili/ijkplayer,236fbda,4
bilibili/ijkplayer,2825309,10
bilibili/ijkplayer,31a084d,5
bilibili/ijkplayer,383b3ca,2
bilibili/ijkplayer,3f0af98,4
bilibili/ijkplayer,400d7e3,4
bilibili/ijkplayer,409b075,4
bilibili/ijkplayer,438190b,4
bilibili/ijkplayer,4636b17,33
bilibili/ijkplayer,4718391,4
bilibili/ijkplayer,4724600,76
bilibili/ijkplayer,4787a6c,35
bilibili/ijkplayer,48647dd,24
bilibili/ijkplayer,559b6af,58
bilibili/ijkplayer,589f455,6
bilibili/ijkplayer,58a7eeb,60
bilibili/ijkplayer,595d3aa,2
bilibili/ijkplayer,5a9f076,52
bilibili/ijkplayer,5b73bf7,10
bilibili/ijkplayer,5beb7cd,5
bilibili/ijkplayer,5ca01af,13
bilibili/ijkplayer,5f8477c,4
bilibili/ijkplayer,6568b7d,8
bilibili/ijkplayer,681b318,4
bilibili/ijkplayer,7a69932,4
bilibili/ijkplayer,7b264ef,1
bilibili/ijkplayer,7f479bf,60
bilibili/ijkplayer,81c8028,110
bilibili/ijkplayer,848383b,97
bilibili/ijkplayer,849b552,4
bilibili/ijkplayer,89baebd,6
bilibili/ijkplayer,89dae7c,65
bilibili/ijkplayer,956758f,10
bilibili/ijkplayer,96e5a4c,6
bilibili/ijkplayer,9bdfc36,4
bilibili/ijkplayer,a069e0a,8
bilibili/ijkplayer,a27c428,5
bilibili/ijkplayer,a3da39a,13
bilibili/ijkplayer,a4a006d,52
bilibili/ijkplayer,a51cfe6,48
bilibili/ijkplayer,a9603c9,2
bilibili/ijkplayer,b358420,2
bilibili/ijkplayer,b91633d,2
bilibili/ijkplayer,c099cd6,2
bilibili/ijkplayer,c9a7899,2
bilibili/ijkplayer,ce01bb6,10
bilibili/ijkplayer,d447530,28
bilibili/ijkplayer,d671617,20
bilibili/ijkplayer,de0927d,89
bilibili/ijkplayer,de26bc9,47
bilibili/ijkplayer,e47b0d7,32
bilibili/ijkplayer,ee1a3da,4
bilibili/ijkplayer,efc0b59,6
bilibili/ijkplayer,f5aae3a,2
bilibili/ijkplayer,f6b203c,4
bilibili/ijkplayer,fb24440,12
bilibili/ijkplayer,fd76de6,7
bilibili/ijkplayer,ffb00ad,2
cfenollosa/os-tutorial,04625d9,13
cfenollosa/os-tutorial,0522ad7,10
cfenollosa/os-tutorial,085510f,7
cfenollosa/os-tutorial,08b9e8b,178
cfenollosa/os-tutorial,0bd31df,100
cfenollosa/os-tutorial,0d537e1,42
cfenollosa/os-tutorial,0fc3af3,27
cfenollosa/os-tutorial,14f51e8,2
cfenollosa/os-tutorial,18c8989,4
cfenollosa/os-tutorial,1e2b867,2
cfenollosa/os-tutorial,24f1ef2,2
cfenollosa/os-tutorial,2811406,2
cfenollosa/os-tutorial,2f1378d,181
cfenollosa/os-tutorial,3110d1e,16
cfenollosa/os-tutorial,32355db,76
cfenollosa/os-tutorial,3a8b908,3
cfenollosa/os-tutorial,3dae04e,0
cfenollosa/os-tutorial,403ef8e,4
cfenollosa/os-tutorial,4121d2f,2
cfenollosa/os-tutorial,4299cf9,2
cfenollosa/os-tutorial,44b3ee3,5
cfenollosa/os-tutorial,48d8e35,13
cfenollosa/os-tutorial,4a59641,62
cfenollosa/os-tutorial,4d14ff3,2
cfenollosa/os-tutorial,5346a84,38
cfenollosa/os-tutorial,5434aa1,1
cfenollosa/os-tutorial,545546c,50
cfenollosa/os-tutorial,5c39cb6,4
cfenollosa/os-tutorial,6b31ae7,2
cfenollosa/os-tutorial,70a2287,9
cfenollosa/os-tutorial,80ec542,73
cfenollosa/os-tutorial,81e9f2c,2
cfenollosa/os-tutorial,8211b95,88
cfenollosa/os-tutorial,83179b8,4
cfenollosa/os-tutorial,85e37b5,2
cfenollosa/os-tutorial,8638875,12
cfenollosa/os-tutorial,8a0767c,6
cfenollosa/os-tutorial,8f87e44,2
cfenollosa/os-tutorial,94a6d7d,5
cfenollosa/os-tutorial,9682113,21
cfenollosa/os-tutorial,96e6568,2
cfenollosa/os-tutorial,96e8ccf,2
cfenollosa/os-tutorial,972701d,134
cfenollosa/os-tutorial,9a8a1f6,1
cfenollosa/os-tutorial,9bc3cd3,19
cfenollosa/os-tutorial,9ebbabe,2
cfenollosa/os-tutorial,9eea535,7
cfenollosa/os-tutorial,9eee9e7,67
cfenollosa/os-tutorial,a537ac9,4
cfenollosa/os-tutorial,adc8463,6
cfenollosa/os-tutorial,afa376d,193
cfenollosa/os-tutorial,b999930,4
cfenollosa/os-tutorial,bd6f4a8,2
cfenollosa/os-tutorial,bdca5e6,86
cfenollosa/os-tutorial,be6c99b,15
cfenollosa/os-tutorial,c5ca1fa,5
cfenollosa/os-tutorial,c75b10d,2
cfenollosa/os-tutorial,cd53d86,4
cfenollosa/os-tutorial,cdddc18,2
cfenollosa/os-tutorial,cf40262,4
cfenollosa/os-tutorial,cfdc18a,7
cfenollosa/os-tutorial,d5d1a88,142
cfenollosa/os-tutorial,dc1e33f,4
cfenollosa/os-tutorial,dde61c1,55
cfenollosa/os-tutorial,dec0890,66
cfenollosa/os-tutorial,e220e68,62
cfenollosa/os-tutorial,ee0eefa,54
cfenollosa/os-tutorial,ee368f4,0
cfenollosa/os-tutorial,f1dab70,4
cfenollosa/os-tutorial,f1fa21a,42
cfenollosa/os-tutorial,f67abb4,40
cfenollosa/os-tutorial,f6e7180,4
cfenollosa/os-tutorial,fa176e7,2
cfenollosa/os-tutorial,fc73be8,32
facebook/zstd,03d5ad6,2
facebook/zstd,0501095,2
facebook/zstd,053e4be,38
facebook/zstd,056492e,2
facebook/zstd,086ddcd,1
facebook/zstd,0a18362,8
facebook/zstd,0c335c9,12
facebook/zstd,0cda010,187
facebook/zstd,1204626,8
facebook/zstd,167b004,17
facebook/zstd,19025f3,1
facebook/zstd,1b15e88,30
facebook/zstd,1d088ba,68
facebook/zstd,220abe6,75
facebook/zstd,23e5f80,87
facebook/zstd,26a2b5d,189
facebook/zstd,26e5fb3,5
facebook/zstd,27d7940,4
facebook/zstd,283fbd2,28
facebook/zstd,2949252,20
facebook/zstd,2ef57cf,66
facebook/zstd,30e0f29,70
facebook/zstd,319dc29,15
facebook/zstd,32dff04,2
facebook/zstd,34ba144,26
facebook/zstd,35edbc2,12
facebook/zstd,45c0e72,10
facebook/zstd,462484d,2
facebook/zstd,46e17b8,21
facebook/zstd,48b186f,38
facebook/zstd,4bbf4a2,12
facebook/zstd,4f3311f,6
facebook/zstd,54e9d46,2
facebook/zstd,55c0c5b,2
facebook/zstd,5883ee6,2
facebook/zstd,590c224,16
facebook/zstd,59afb28,6
facebook/zstd,5b9c5d4,2
facebook/zstd,60f84f7,8
facebook/zstd,6a65a43,27
facebook/zstd,6c1d1cc,6
facebook/zstd,6cd4204,25
facebook/zstd,6e1d02f,2
facebook/zstd,7406d2b,81
facebook/zstd,7827514,32
facebook/zstd,7b856e3,10
facebook/zstd,8156a19,6
facebook/zstd,82346b9,38
facebook/zstd,85a44b2,5
facebook/zstd,897cec3,56
facebook/zstd,8df6155,41
facebook/zstd,92be4be,68
facebook/zstd,936927a,8
facebook/zstd,9efb097,17
facebook/zstd,9fbed33,11
facebook/zstd,a0872a8,2
facebook/zstd,a469e7c,9
facebook/zstd,a556559,11
facebook/zstd,a7b59bc,6
facebook/zstd,ab54285,6
facebook/zstd,b55ff3c,8
facebook/zstd,bcf404c,2
facebook/zstd,be1bf24,2
facebook/zstd,becef67,2
facebook/zstd,c39424e,2
facebook/zstd,c7cd7dc,44
facebook/zstd,c8243b4,12
facebook/zstd,cf01bbf,2
facebook/zstd,d2d7461,2
facebook/zstd,d486ccc,2
facebook/zstd,d60c4d7,4
facebook/zstd,de7c8b9,1
facebook/zstd,e117d79,2
facebook/zstd,e39ed41,2
facebook/zstd,e475dc4,40
facebook/zstd,e637fc6,102
facebook/zstd,e87d159,22
facebook/zstd,e8de808,1
facebook/zstd,ea0aa03,8
facebook/zstd,eb2ceb4,1
facebook/zstd,ee17f4c,6
facebook/zstd,f0b5f65,9
facebook/zstd,f11bd19,5
facebook/zstd,f7c7553,2
facebook/zstd,f7e8fc3,10
facebook/zstd,f9c1850,4
facebook/zstd,fcd684b,2
facebook/zstd,ffa66a6,73
ggreer/the_silver_searcher,00dfef4,89
ggreer/the_silver_searcher,01ad534,4
ggreer/the_silver_searcher,025b195,2
ggreer/the_silver_searcher,044f178,9
ggreer/the_silver_searcher,0622224,19
ggreer/the_silver_searcher,07898b6,8
ggreer/the_silver_searcher,07f8336,5
ggreer/the_silver_searcher,0925213,5
ggreer/the_silver_searcher,0958fae,5
ggreer/the_silver_searcher,0a22442,10
ggreer/the_silver_searcher,0b0b02b,6
ggreer/the_silver_searcher,0b89394,5
ggreer/the_silver_searcher,0e577cc,4
ggreer/the_silver_searcher,120b630,14
ggreer/the_silver_searcher,12cab3e,10
ggreer/the_silver_searcher,18f0f99,1
ggreer/the_silver_searcher,1903dca,14
ggreer/the_silver_searcher,1c4e067,8
ggreer/the_silver_searcher,1dfa7f8,14
ggreer/the_silver_searcher,1f8dcea,4
ggreer/the_silver_searcher,21c33f9,2
ggreer/the_silver_searcher,244964d,2
ggreer/the_silver_searcher,28065df,14
ggreer/the_silver_searcher,2c38236,8
ggreer/the_silver_searcher,30b1845,4
ggreer/the_silver_searcher,347d336,34
ggreer/the_silver_searcher,3675402,1
ggreer/the_silver_searcher,39d9ee2,6
ggreer/the_silver_searcher,3b3adda,4
ggreer/the_silver_searcher,40ed7df,11
ggreer/the_silver_searcher,411c790,4
ggreer/the_silver_searcher,4218d63,69
ggreer/the_silver_searcher,44b2f1a,1
ggreer/the_silver_searcher,469efba,19
ggreer/the_silver_searcher,4749efb,3
ggreer/the_silver_searcher,486e47f,6
ggreer/the_silver_searcher,4914996,4
ggreer/the_silver_searcher,4b0b3b6,9
ggreer/the_silver_searcher,50f0cd6,6
ggreer/the_silver_searcher,52c8416,2
ggreer/the_silver_searcher,5816116,14
ggreer/the_silver_searcher,59ba02d,4
ggreer/the_silver_searcher,5af738a,5
ggreer/the_silver_searcher,5fb2374,2
ggreer/the_silver_searcher,601a2b0,4
ggreer/the_silver_searcher,60a0b77,4
ggreer/the_silver_searcher,6618482,2
ggreer/the_silver_searcher,69622c3,4
ggreer/the_silver_searcher,6d35745,19
ggreer/the_silver_searcher,70206f5,10
ggreer/the_silver_searcher,7081236,4
ggreer/the_silver_searcher,722852c,8
ggreer/the_silver_searcher,72b162a,11
ggreer/the_silver_searcher,7466509,4
ggreer/the_silver_searcher,76c9c08,4
ggreer/the_silver_searcher,77427e3,2
ggreer/the_silver_searcher,789f9bb,37
ggreer/the_silver_searcher,797e7f0,4
ggreer/the_silver_searcher,7a60c75,4
ggreer/the_silver_searcher,7a7d1a7,4
ggreer/the_silver_searcher,7aa1894,29
ggreer/the_silver_searcher,7eec913,4
ggreer/the_silver_searcher,7fb7a9a,4
ggreer/the_silver_searcher,835fb80,4
ggreer/the_silver_searcher,87aec64,4
ggreer/the_silver_searcher,885e64d,25
ggreer/the_silver_searcher,887bcf6,6
ggreer/the_silver_searcher,89a7d46,4
ggreer/the_silver_searcher,8be18f2,4
ggreer/the_silver_searcher,8c3d307,20
ggreer/the_silver_searcher,8cc74e0,4
ggreer/the_silver_searcher,9063f2b,22
ggreer/the_silver_searcher,92d64f2,4
ggreer/the_silver_searcher,95b7d35,11
ggreer/the_silver_searcher,9815ae5,4
ggreer/the_silver_searcher,98f3665,7
ggreer/the_silver_searcher,9999eb9,27
ggreer/the_silver_searcher,9adb7d1,11
ggreer/the_silver_searcher,9c9a7c1,4
ggreer/the_silver_searcher,9cd0d78,15
ggreer/the_silver_searcher,9e11263,69
ggreer/the_silver_searcher,9fbf371,4
ggreer/the_silver_searcher,a119171,44
ggreer/the_silver_searcher,a22c9f5,1
ggreer/the_silver_searcher,a970bb9,27
ggreer/the_silver_searcher,a99b010,4
ggreer/the_silver_searcher,aa5cfb5,11
ggreer/the_silver_searcher,abc554b,5
ggreer/the_silver_searcher,aedd3ef,44
ggreer/the_silver_searcher,aef05fa,28
ggreer/the_silver_searcher,af5a955,28
ggreer/the_silver_searcher,b0eb6d7,5
ggreer/the_silver_searcher,b3ad706,4
ggreer/the_silver_searcher,b47f777,6
ggreer/the_silver_searcher,b53b72f,4
ggreer/the_silver_searcher,b6858e9,4
ggreer/the_silver_searcher,ba47f77,4
ggreer/the_silver_searcher,bacdf06,4
ggreer/the_silver_searcher,bb12ae1,3
ggreer/the_silver_searcher,bb203f5,137
ggreer/the_silver_searcher,bb4a3ee,2
ggreer/the_silver_searcher,c0f73f8,4
ggreer/the_silver_searcher,c1d7d2b,8
ggreer/the_silver_searcher,c368891,4
ggreer/the_silver_searcher,c3b6c6a,4
ggreer/the_silver_searcher,c543e58,4
ggreer/the_silver_searcher,c561dad,1
ggreer/the_silver_searcher,c81622c,2
ggreer/the_silver_searcher,c8f4581,8
ggreer/the_silver_searcher,c975ff8,58
ggreer/the_silver_searcher,ca1b930,18
ggreer/the_silver_searcher,cea4894,9
ggreer/the_silver_searcher,d06296e,35
ggreer/the_silver_searcher,d1061e5,4
ggreer/the_silver_searcher,d29d5b5,28
ggreer/the_silver_searcher,d3a5de4,44
ggreer/the_silver_searcher,d5dc0dd,2
ggreer/the_silver_searcher,d65495e,3
ggreer/the_silver_searcher,d7193e1,2
ggreer/the_silver_searcher,d87183f,4
ggreer/the_silver_searcher,ddba555,2
ggreer/the_silver_searcher,de1a600,3
ggreer/the_silver_searcher,df01595,4
ggreer/the_silver_searcher,df0bf5f,3
ggreer/the_silver_searcher,df5ab34,3
ggreer/the_silver_searcher,df5d456,12
ggreer/the_silver_searcher,dfce467,4
ggreer/the_silver_searcher,dfd03c6,4
ggreer/the_silver_searcher,e22f443,35
ggreer/the_silver_searcher,e299549,10
ggreer/the_silver_searcher,e775a27,4
ggreer/the_silver_searcher,e78e361,6
ggreer/the_silver_searcher,e84db55,4
ggreer/the_silver_searcher,e96eb42,90
ggreer/the_silver_searcher,ea3802d,10
ggreer/the_silver_searcher,ebd9197,4
ggreer/the_silver_searcher,ed4182b,5
ggreer/the_silver_searcher,edae22e,5
ggreer/the_silver_searcher,f0e5ba5,4
ggreer/the_silver_searcher,f266fa9,4
ggreer/the_silver_searcher,f3c1d86,12
ggreer/the_silver_searcher,f3db29a,4
ggreer/the_silver_searcher,f4bb889,4
ggreer/the_silver_searcher,f557f84,4
ggreer/the_silver_searcher,f942eac,11
ggreer/the_silver_searcher,f966c98,2
ggreer/the_silver_searcher,f9a47fe,1
ggreer/the_silver_searcher,fab27a4,5
ggreer/the_silver_searcher,fb5ff34,4
ggreer/the_silver_searcher,fbea8e3,7
ggreer/the_silver_searcher,fd64e34,2
iovisor/bcc,04dbccd,3
iovisor/bcc,052022b,15
iovisor/bcc,0985801,22
iovisor/bcc,0b2b116,72
iovisor/bcc,0b5be9b,48
iovisor/bcc,0cc4bb1,2
iovisor/bcc,0d5dcf4,16
iovisor/bcc,1838523,2
iovisor/bcc,1d5b8b9,1
iovisor/bcc,280d822,163
iovisor/bcc,2a7eec8,75
iovisor/bcc,2b82d76,27
iovisor/bcc,3130fe8,31
iovisor/bcc,321f8b1,26
iovisor/bcc,4138cc4,4
iovisor/bcc,47d7263,10
iovisor/bcc,4d275fa,16
iovisor/bcc,521b596,4
iovisor/bcc,5f805d5,6
iovisor/bcc,629a5b4,3
iovisor/bcc,6acb86e,1
iovisor/bcc,729a032,3
iovisor/bcc,72dbe04,1
iovisor/bcc,76b65b0,2
iovisor/bcc,791b96e,2
iovisor/bcc,79273bc,45
iovisor/bcc,7988a53,2
iovisor/bcc,799acc7,30
iovisor/bcc,7e28060,5
iovisor/bcc,8446572,52
iovisor/bcc,86d006a,108
iovisor/bcc,8aa9f70,25
iovisor/bcc,91de381,9
iovisor/bcc,9b2ec77,4
iovisor/bcc,9f3d0df,38
iovisor/bcc,a47b7e4,2
iovisor/bcc,a7a556d,2
iovisor/bcc,a9661e9,144
iovisor/bcc,a9d426a,39
iovisor/bcc,aeed9e2,6
iovisor/bcc,b384150,14
iovisor/bcc,b621d23,5
iovisor/bcc,ba07c0c,2
iovisor/bcc,c4bf8bf,1
iovisor/bcc,c5e89e4,98
iovisor/bcc,cb1ba20,8
iovisor/bcc,cb3ca18,2
iovisor/bcc,d1a90d2,1
iovisor/bcc,d36ab45,33
iovisor/bcc,d40b3d5,93
iovisor/bcc,d472825,3
iovisor/bcc,d53a9c1,83
iovisor/bcc,d9eec93,42
iovisor/bcc,e465189,2
iovisor/bcc,e4da840,26
iovisor/bcc,ebdd760,34
iovisor/bcc,f15e219,6
jarun/nnn,00fb7b6,54
jarun/nnn,030cee1,2
jarun/nnn,06d8da9,6
jarun/nnn,0738f39,53
jarun/nnn,07a972a,14
jarun/nnn,09bf8fe,4
jarun/nnn,0be157f,18
jarun/nnn,0c4a4e2,67
jarun/nnn,0decc02,42
jarun/nnn,0f10bd6,11
jarun/nnn,0f2a932,2
jarun/nnn,0f62c62,52
jarun/nnn,0fb4ed5,8
jarun/nnn,1051d72,8
jarun/nnn,1103c72,21
jarun/nnn,125f4b3,26
jarun/nnn,133c0d3,9
jarun/nnn,14fef03,2
jarun/nnn,186f9d0,46
jarun/nnn,1876e4c,1
jarun/nnn,18dff24,4
jarun/nnn,191e77e,3
jarun/nnn,1976cad,28
jarun/nnn,1a849f1,7
jarun/nnn,1ba8582,14
jarun/nnn,1c14d2b,8
jarun/nnn,1cc021e,10
jarun/nnn,1cf9654,8
jarun/nnn,1d41fe3,64
jarun/nnn,1e1abdf,69
jarun/nnn,22aa145,14
jarun/nnn,234b60a,2
jarun/nnn,2472554,2
jarun/nnn,2504a04,2
jarun/nnn,251843f,1
jarun/nnn,272ecc2,55
jarun/nnn,27e032f,37
jarun/nnn,280068c,22
jarun/nnn,28c8504,12
jarun/nnn,28d993a,2
jarun/nnn,297b854,2
jarun/nnn,2a442ec,52
jarun/nnn,2bb76a0,3
jarun/nnn,2c7b1a9,2
jarun/nnn,2ec3ad4,6
jarun/nnn,2f22afc,4
jarun/nnn,2fb7490,15
jarun/nnn,2fbf5f0,40
jarun/nnn,3160442,91
jarun/nnn,3176eaa,29
jarun/nnn,33126ee,28
jarun/nnn,336ec8b,183
jarun/nnn,3539e5c,4
jarun/nnn,3665541,5
jarun/nnn,3849430,8
jarun/nnn,395068d,2
jarun/nnn,3b3ad9c,4
jarun/nnn,3c43564,19
jarun/nnn,3ca56e3,2
jarun/nnn,3d13c7c,61
jarun/nnn,3d2caf8,15
jarun/nnn,3d67779,4
jarun/nnn,3f34bbf,2
jarun/nnn,3f54351,4
jarun/nnn,4009e21,88
jarun/nnn,404eed5,14
jarun/nnn,43c69ab,7
jarun/nnn,4534fd3,2
jarun/nnn,46b5255,2
jarun/nnn,485079d,6
jarun/nnn,489c1c0,105
jarun/nnn,48bc670,2
jarun/nnn,48d986f,14
jarun/nnn,492a04d,1
jarun/nnn,498d617,3
jarun/nnn,4a9587a,100
jarun/nnn,4ba5a1f,4
jarun/nnn,4d5e29c,2
jarun/nnn,4f3662c,29
jarun/nnn,4f43b5c,5
jarun/nnn,5045f80,2
jarun/nnn,526e7e5,31
jarun/nnn,53e4fec,5
jarun/nnn,5456ba4,2
jarun/nnn,547508a,17
jarun/nnn,5513760,14
jarun/nnn,5522292,5
jarun/nnn,5595d93,2
jarun/nnn,55cbad4,9
jarun/nnn,5723023,2
jarun/nnn,575c8d9,72
jarun/nnn,5853ac8,2
jarun/nnn,590ad7d,11
jarun/nnn,5b05c8b,16
jarun/nnn,5c0fe2a,3
jarun/nnn,5d55b4a,16
jarun/nnn,5e5a17f,2
jarun/nnn,60eabb6,3
jarun/nnn,614ebe7,8
jarun/nnn,62c84dd,3
jarun/nnn,64644ec,6
jarun/nnn,66447d5,16
jarun/nnn,66f636d,42
jarun/nnn,693ba75,2
jarun/nnn,6a9bf20,16
jarun/nnn,6b15af2,20
jarun/nnn,6d6fc34,27
jarun/nnn,703d349,13
jarun/nnn,71452fa,5
jarun/nnn,72ee94e,2
jarun/nnn,744a755,26
jarun/nnn,7571d17,2
jarun/nnn,7806d5d,14
jarun/nnn,7829527,3
jarun/nnn,785dd3d,2
jarun/nnn,78b9677,46
jarun/nnn,7b11751,6
jarun/nnn,7bab213,3
jarun/nnn,7cc31fe,29
jarun/nnn,7def65f,35
jarun/nnn,7f63bef,9
jarun/nnn,7fe13b0,6
jarun/nnn,80316c2,72
jarun/nnn,80bbf76,28
jarun/nnn,812d6b6,2
jarun/nnn,82f9e54,4
jarun/nnn,850fe60,18
jarun/nnn,86d883e,4
jarun/nnn,877d7c0,1
jarun/nnn,8db6abc,7
jarun/nnn,8e82893,4
jarun/nnn,8f46575,2
jarun/nnn,90eb2d3,3
jarun/nnn,91cf949,3
jarun/nnn,9259170,4
jarun/nnn,942afdf,15
jarun/nnn,94aeacc,11
jarun/nnn,94bac4e,33
jarun/nnn,9a128f1,2
jarun/nnn,9a2bfc0,2
jarun/nnn,9aaf949,14
jarun/nnn,9b33c49,14
jarun/nnn,9b92176,2
jarun/nnn,9c7c728,19
jarun/nnn,9d33ba1,4
jarun/nnn,9db87a7,7
jarun/nnn,9e3be00,6
jarun/nnn,9e78a91,11
jarun/nnn,9e95578,46
jarun/nnn,9fc320d,37
jarun/nnn,9ff81ca,29
jarun/nnn,a06af82,44
jarun/nnn,a0c06d0,3
jarun/nnn,a238613,5
jarun/nnn,a2deaf5,19
jarun/nnn,a482bec,2
jarun/nnn,a5bf6e9,2
jarun/nnn,a7249e3,1
jarun/nnn,a9093c6,1
jarun/nnn,aa04d63,6
jarun/nnn,aae7d39,8
jarun/nnn,ab375de,2
jarun/nnn,ab71838,2
jarun/nnn,ad04944,9
jarun/nnn,af9bfd3,14
jarun/nnn,afe8486,3
jarun/nnn,b03d0b7,12
jarun/nnn,b0bb511,78
jarun/nnn,b170298,4
jarun/nnn,b20886a,15
jarun/nnn,b28f209,2
jarun/nnn,b392dd3,100
jarun/nnn,b4d823f,4
jarun/nnn,b67c7d7,3
jarun/nnn,b6abe95,4
jarun/nnn,b81109d,2
jarun/nnn,b835cfc,44
jarun/nnn,b9ff745,12
jarun/nnn,ba43908,6
jarun/nnn,ba8d077,18
jarun/nnn,bb650eb,8
jarun/nnn,bca441e,2
jarun/nnn,bdb1a64,37
jarun/nnn,be6988d,17
jarun/nnn,bfb4615,9
jarun/nnn,c022a02,2
jarun/nnn,c0457a2,2
jarun/nnn,c0b3cc8,25
jarun/nnn,c291932,3
jarun/nnn,c2d21c3,2
jarun/nnn,c8435a5,12
jarun/nnn,ca54414,4
jarun/nnn,d07dde5,56
jarun/nnn,d17df60,40
jarun/nnn,d220c50,14
jarun/nnn,d5985ac,26
jarun/nnn,d61c983,7
jarun/nnn,d65a095,20
jarun/nnn,d6b1b80,39
jarun/nnn,d72ab34,1
jarun/nnn,d85c23c,2
jarun/nnn,d8c1c99,2
jarun/nnn,da73d9a,54
jarun/nnn,db8b618,5
jarun/nnn,dd07aeb,62
jarun/nnn,ddbd15f,64
jarun/nnn,dde7a6c,2
jarun/nnn,dedf055,20
jarun/nnn,dfdef9d,55
jarun/nnn,e0685e9,4
jarun/nnn,e0ed6c8,9
jarun/nnn,e131f5f,5
jarun/nnn,e27d059,29
jarun/nnn,e362117,4
jarun/nnn,e500179,42
jarun/nnn,e59b83d,108
jarun/nnn,e60be2e,5
jarun/nnn,e7425d8,2
jarun/nnn,e76d7bb,4
jarun/nnn,e787ae4,52
jarun/nnn,e7b0974,12
jarun/nnn,eacdf5a,12
jarun/nnn,eb1f055,14
jarun/nnn,eb3888c,69
jarun/nnn,eb66598,4
jarun/nnn,eb77591,4
jarun/nnn,ec3ed2f,21
jarun/nnn,ed59aa2,16
jarun/nnn,ef1ef56,14
jarun/nnn,ef6e00c,4
jarun/nnn,eff63ec,3
jarun/nnn,f02c01e,10
jarun/nnn,f04a889,5
jarun/nnn,f0732fe,12
jarun/nnn,f103828,16
jarun/nnn,f1c3d74,2
jarun/nnn,f2a8648,15
jarun/nnn,f2a909d,2
jarun/nnn,f3397d5,183
jarun/nnn,f71b130,3
jarun/nnn,f762b3d,3
jarun/nnn,f7cacae,4
jarun/nnn,f87104d,2
jarun/nnn,f8f6d6a,8
jarun/nnn,f9b956a,32
jarun/nnn,fc86399,4
jarun/nnn,fe6c05c,6
jarun/nnn,fe87551,97
jqlang/jq,0b92272,10
jqlang/jq,10ea3c7,3
jqlang/jq,13e02ba,22
jqlang/jq,1411ce6,17
jqlang/jq,1daabc6,6
jqlang/jq,22a03e9,2
jqlang/jq,2381d15,49
jqlang/jq,2ee20ca,4
jqlang/jq,3c37522,35
jqlang/jq,4842146,1
jqlang/jq,48df9bc,13
jqlang/jq,5208a44,2
jqlang/jq,54cc15c,28
jqlang/jq,56828b6,14
jqlang/jq,5bbd02f,8
jqlang/jq,605836b,96
jqlang/jq,623d7a8,2
jqlang/jq,6408338,1
jqlang/jq,6980cc9,2
jqlang/jq,6ce6e7c,12
jqlang/jq,6d02d53,125
jqlang/jq,6eff31a,2
jqlang/jq,6f67bae,9
jqlang/jq,701c880,5
jqlang/jq,76853f6,99
jqlang/jq,7bdc9a7,12
jqlang/jq,7be6870,64
jqlang/jq,7cd23f1,6
jqlang/jq,81f4f88,12
jqlang/jq,8a9a74d,7
jqlang/jq,913b264,2
jqlang/jq,92d3537,8
jqlang/jq,9afc450,10
jqlang/jq,9e2695e,4
jqlang/jq,afe0afa,2
jqlang/jq,b6da71b,20
jqlang/jq,ba741e5,2
jqlang/jq,bc96146,54
jqlang/jq,bd3c828,93
jqlang/jq,be437ec,144
jqlang/jq,c127616,128
jqlang/jq,c95b34f,4
jqlang/jq,c95f6ce,10
jqlang/jq,ce0e788,25
jqlang/jq,ce2638a,6
jqlang/jq,d697331,2
jqlang/jq,d777b65,55
jqlang/jq,d875ff5,11
jqlang/jq,e011f00,34
jqlang/jq,e2ffb53,9
jqlang/jq,e4d0b12,8
jqlang/jq,ea78b5a,7
jqlang/jq,ed8f715,2
jqlang/jq,f51e841,19
jqlang/jq,f954e82,4
jqlang/jq,fc9ecd7,4
julycoding/The-Art-Of-Programming-By-July-2nd,004b2a7,2
julycoding/The-Art-Of-Programming-By-July-2nd,013988c,2
julycoding/The-Art-Of-Programming-By-July-2nd,017d69b,1
julycoding/The-Art-Of-Programming-By-July-2nd,05586c0,30
julycoding/The-Art-Of-Programming-By-July-2nd,055c502,2
julycoding/The-Art-Of-Programming-By-July-2nd,06d17a3,2
julycoding/The-Art-Of-Programming-By-July-2nd,0761e1d,10
julycoding/The-Art-Of-Programming-By-July-2nd,084afeb,2
julycoding/The-Art-Of-Programming-By-July-2nd,093a0fa,2
julycoding/The-Art-Of-Programming-By-July-2nd,0a7c6af,13
julycoding/The-Art-Of-Programming-By-July-2nd,0b90d17,17
julycoding/The-Art-Of-Programming-By-July-2nd,0c5f3de,8
julycoding/The-Art-Of-Programming-By-July-2nd,0cbe83f,4
julycoding/The-Art-Of-Programming-By-July-2nd,0d1d8b4,2
julycoding/The-Art-Of-Programming-By-July-2nd,0d3a3f9,2
julycoding/The-Art-Of-Programming-By-July-2nd,0d9393d,0
julycoding/The-Art-Of-Programming-By-July-2nd,107f2a4,5
julycoding/The-Art-Of-Programming-By-July-2nd,11bacb7,2
julycoding/The-Art-Of-Programming-By-July-2nd,122268d,10
julycoding/The-Art-Of-Programming-By-July-2nd,12928d8,2
julycoding/The-Art-Of-Programming-By-July-2nd,16c33e5,2
julycoding/The-Art-Of-Programming-By-July-2nd,19852fe,3
julycoding/The-Art-Of-Programming-By-July-2nd,19fadbe,2
julycoding/The-Art-Of-Programming-By-July-2nd,1b5b35d,195
julycoding/The-Art-Of-Programming-By-July-2nd,1bc6069,11
julycoding/The-Art-Of-Programming-By-July-2nd,1c908c7,7
julycoding/The-Art-Of-Programming-By-July-2nd,1d58abe,2
julycoding/The-Art-Of-Programming-By-July-2nd,1f4da00,1
julycoding/The-Art-Of-Programming-By-July-2nd,1fa0c75,6
julycoding/The-Art-Of-Programming-By-July-2nd,1faddbf,2
julycoding/The-Art-Of-Programming-By-July-2nd,20ceb17,2
julycoding/The-Art-Of-Programming-By-July-2nd,220dc99,2
julycoding/The-Art-Of-Programming-By-July-2nd,227f4cb,10
julycoding/The-Art-Of-Programming-By-July-2nd,24fd4c6,4
julycoding/The-Art-Of-Programming-By-July-2nd,2507947,106
julycoding/The-Art-Of-Programming-By-July-2nd,25d718c,10
julycoding/The-Art-Of-Programming-By-July-2nd,26c63a0,12
julycoding/The-Art-Of-Programming-By-July-2nd,27ea609,2
julycoding/The-Art-Of-Programming-By-July-2nd,29faee8,0
julycoding/The-Art-Of-Programming-By-July-2nd,2a641ef,9
julycoding/The-Art-Of-Programming-By-July-2nd,2a9efa9,2
julycoding/The-Art-Of-Programming-By-July-2nd,2b39a6d,7
julycoding/The-Art-Of-Programming-By-July-2nd,2c18eb5,4
julycoding/The-Art-Of-Programming-By-July-2nd,2c84909,17
julycoding/The-Art-Of-Programming-By-July-2nd,2d2fd76,4
julycoding/The-Art-Of-Programming-By-July-2nd,2d63f23,5
julycoding/The-Art-Of-Programming-By-July-2nd,2de7c0c,8
julycoding/The-Art-Of-Programming-By-July-2nd,3242cb1,2
julycoding/The-Art-Of-Programming-By-July-2nd,327f586,2
julycoding/The-Art-Of-Programming-By-July-2nd,328c4a6,13
julycoding/The-Art-Of-Programming-By-July-2nd,3348b79,4
julycoding/The-Art-Of-Programming-By-July-2nd,337fc2f,2
julycoding/The-Art-Of-Programming-By-July-2nd,33de3f0,4
julycoding/The-Art-Of-Programming-By-July-2nd,33fc6d4,2
julycoding/The-Art-Of-Programming-By-July-2nd,34aeba4,2
julycoding/The-Art-Of-Programming-By-July-2nd,34e1ea1,18
julycoding/The-Art-Of-Programming-By-July-2nd,352448c,85
julycoding/The-Art-Of-Programming-By-July-2nd,377c06b,2
julycoding/The-Art-Of-Programming-By-July-2nd,3a009fe,23
julycoding/The-Art-Of-Programming-By-July-2nd,3b4d8ee,2
julycoding/The-Art-Of-Programming-By-July-2nd,3cb896e,1
julycoding/The-Art-Of-Programming-By-July-2nd,3e5c470,2
julycoding/The-Art-Of-Programming-By-July-2nd,400a5b6,34
julycoding/The-Art-Of-Programming-By-July-2nd,426976f,3
julycoding/The-Art-Of-Programming-By-July-2nd,42adceb,2
julycoding/The-Art-Of-Programming-By-July-2nd,42ecf02,0
julycoding/The-Art-Of-Programming-By-July-2nd,42f4099,14
julycoding/The-Art-Of-Programming-By-July-2nd,4350e2f,4
julycoding/The-Art-Of-Programming-By-July-2nd,437457a,3
julycoding/The-Art-Of-Programming-By-July-2nd,437a7bd,2
julycoding/The-Art-Of-Programming-By-July-2nd,437de1b,2
julycoding/The-Art-Of-Programming-By-July-2nd,438ec05,1
julycoding/The-Art-Of-Programming-By-July-2nd,43eb998,19
julycoding/The-Art-Of-Programming-By-July-2nd,441039b,40
julycoding/The-Art-Of-Programming-By-July-2nd,45b5f46,35
julycoding/The-Art-Of-Programming-By-July-2nd,463bf30,2
julycoding/The-Art-Of-Programming-By-July-2nd,4710392,1
julycoding/The-Art-Of-Programming-By-July-2nd,475adcd,2
julycoding/The-Art-Of-Programming-By-July-2nd,481de64,2
julycoding/The-Art-Of-Programming-By-July-2nd,4a616c5,2
julycoding/The-Art-Of-Programming-By-July-2nd,4bea30f,2
julycoding/The-Art-Of-Programming-By-July-2nd,4c2872f,14
julycoding/The-Art-Of-Programming-By-July-2nd,4d03fd4,2
julycoding/The-Art-Of-Programming-By-July-2nd,4dea202,2
julycoding/The-Art-Of-Programming-By-July-2nd,4fdd141,8
julycoding/The-Art-Of-Programming-By-July-2nd,5067432,2
julycoding/The-Art-Of-Programming-By-July-2nd,51137a3,2
julycoding/The-Art-Of-Programming-By-July-2nd,52354bf,2
julycoding/The-Art-Of-Programming-By-July-2nd,528b42f,2
julycoding/The-Art-Of-Programming-By-July-2nd,53ebb9e,2
julycoding/The-Art-Of-Programming-By-July-2nd,54bb433,2
julycoding/The-Art-Of-Programming-By-July-2nd,558ec47,2
julycoding/The-Art-Of-Programming-By-July-2nd,55e33a9,4
julycoding/The-Art-Of-Programming-By-July-2nd,57f275e,2
julycoding/The-Art-Of-Programming-By-July-2nd,58d3d7f,16
julycoding/The-Art-Of-Programming-By-July-2nd,5949c22,1
julycoding/The-Art-Of-Programming-By-July-2nd,59e3ae7,2
julycoding/The-Art-Of-Programming-By-July-2nd,5bb7d95,6
julycoding/The-Art-Of-Programming-By-July-2nd,5e6d38e,2
julycoding/The-Art-Of-Programming-By-July-2nd,61ca09d,2
julycoding/The-Art-Of-Programming-By-July-2nd,62e5cf8,9
julycoding/The-Art-Of-Programming-By-July-2nd,64175f7,2
julycoding/The-Art-Of-Programming-By-July-2nd,643e472,2
julycoding/The-Art-Of-Programming-By-July-2nd,656ddf0,2
julycoding/The-Art-Of-Programming-By-July-2nd,65eb221,5
julycoding/The-Art-Of-Programming-By-July-2nd,6675227,11
julycoding/The-Art-Of-Programming-By-July-2nd,66ddfe9,146
julycoding/The-Art-Of-Programming-By-July-2nd,6727264,4
julycoding/The-Art-Of-Programming-By-July-2nd,673481d,2
julycoding/The-Art-Of-Programming-By-July-2nd,6771c12,0
julycoding/The-Art-Of-Programming-By-July-2nd,67ca5b1,6
julycoding/The-Art-Of-Programming-By-July-2nd,69c209a,136
julycoding/The-Art-Of-Programming-By-July-2nd,6be1d15,2
julycoding/The-Art-Of-Programming-By-July-2nd,6dc6b35,2
julycoding/The-Art-Of-Programming-By-July-2nd,6f6a152,4
julycoding/The-Art-Of-Programming-By-July-2nd,6f75843,2
julycoding/The-Art-Of-Programming-By-July-2nd,721d5b1,2
julycoding/The-Art-Of-Programming-By-July-2nd,7302dde,2
julycoding/The-Art-Of-Programming-By-July-2nd,74339ea,2
julycoding/The-Art-Of-Programming-By-July-2nd,74eab2c,2
julycoding/The-Art-Of-Programming-By-July-2nd,74f191b,4
julycoding/The-Art-Of-Programming-By-July-2nd,755b0a4,9
julycoding/The-Art-Of-Programming-By-July-2nd,7572de5,3
julycoding/The-Art-Of-Programming-By-July-2nd,76a1110,3
julycoding/The-Art-Of-Programming-By-July-2nd,7714c0a,2
julycoding/The-Art-Of-Programming-By-July-2nd,784a93a,2
julycoding/The-Art-Of-Programming-By-July-2nd,78e47e9,2
julycoding/The-Art-Of-Programming-By-July-2nd,79a1ae9,6
julycoding/The-Art-Of-Programming-By-July-2nd,7a792da,2
julycoding/The-Art-Of-Programming-By-July-2nd,7adc4f9,2
julycoding/The-Art-Of-Programming-By-July-2nd,7bb5190,2
julycoding/The-Art-Of-Programming-By-July-2nd,7bb5b19,25
julycoding/The-Art-Of-Programming-By-July-2nd,7c41846,2
julycoding/The-Art-Of-Programming-By-July-2nd,7c7ec24,2
julycoding/The-Art-Of-Programming-By-July-2nd,7df7039,0
julycoding/The-Art-Of-Programming-By-July-2nd,7e15f43,1
julycoding/The-Art-Of-Programming-By-July-2nd,7e37e09,2
julycoding/The-Art-Of-Programming-By-July-2nd,82d6a6d,2
julycoding/The-Art-Of-Programming-By-July-2nd,8310461,4
julycoding/The-Art-Of-Programming-By-July-2nd,84df1c5,53
julycoding/The-Art-Of-Programming-By-July-2nd,85401d4,4
julycoding/The-Art-Of-Programming-By-July-2nd,871963b,43
julycoding/The-Art-Of-Programming-By-July-2nd,87d9c25,5
julycoding/The-Art-Of-Programming-By-July-2nd,88c5e66,6
julycoding/The-Art-Of-Programming-By-July-2nd,88cd664,2
julycoding/The-Art-Of-Programming-By-July-2nd,890261a,2
julycoding/The-Art-Of-Programming-By-July-2nd,893e90f,4
julycoding/The-Art-Of-Programming-By-July-2nd,8ca7d5e,20
julycoding/The-Art-Of-Programming-By-July-2nd,8caf138,3
julycoding/The-Art-Of-Programming-By-July-2nd,8d9bf47,9
julycoding/The-Art-Of-Programming-By-July-2nd,8e0fc00,4
julycoding/The-Art-Of-Programming-By-July-2nd,8ebe86b,2
julycoding/The-Art-Of-Programming-By-July-2nd,8efb347,2
julycoding/The-Art-Of-Programming-By-July-2nd,9023aca,130
julycoding/The-Art-Of-Programming-By-July-2nd,908dbdc,2
julycoding/The-Art-Of-Programming-By-July-2nd,923c0de,26
julycoding/The-Art-Of-Programming-By-July-2nd,93353a1,2
julycoding/The-Art-Of-Programming-By-July-2nd,93d2131,4
julycoding/The-Art-Of-Programming-By-July-2nd,93d82fc,0
julycoding/The-Art-Of-Programming-By-July-2nd,9596059,2
julycoding/The-Art-Of-Programming-By-July-2nd,965a962,20
julycoding/The-Art-Of-Programming-By-July-2nd,96b1796,6
julycoding/The-Art-Of-Programming-By-July-2nd,972f3cb,2
julycoding/The-Art-Of-Programming-By-July-2nd,98ff351,2
julycoding/The-Art-Of-Programming-By-July-2nd,990c1f1,1
julycoding/The-Art-Of-Programming-By-July-2nd,992e49a,2
julycoding/The-Art-Of-Programming-By-July-2nd,998e1d9,1
julycoding/The-Art-Of-Programming-By-July-2nd,9ab9d96,32
julycoding/The-Art-Of-Programming-By-July-2nd,9ac0057,4
julycoding/The-Art-Of-Programming-By-July-2nd,9b39306,3
julycoding/The-Art-Of-Programming-By-July-2nd,9b4782c,6
julycoding/The-Art-Of-Programming-By-July-2nd,9bc37d1,2
julycoding/The-Art-Of-Programming-By-July-2nd,9d60f27,16
julycoding/The-Art-Of-Programming-By-July-2nd,9f789ae,12
julycoding/The-Art-Of-Programming-By-July-2nd,9ff103d,112
julycoding/The-Art-Of-Programming-By-July-2nd,a04fe55,2
julycoding/The-Art-Of-Programming-By-July-2nd,a0d1904,4
julycoding/The-Art-Of-Programming-By-July-2nd,a1c1d4b,6
julycoding/The-Art-Of-Programming-By-July-2nd,a30bc0f,2
julycoding/The-Art-Of-Programming-By-July-2nd,a490d70,17
julycoding/The-Art-Of-Programming-By-July-2nd,a4dba6e,2
julycoding/The-Art-Of-Programming-By-July-2nd,a6accf9,70
julycoding/The-Art-Of-Programming-By-July-2nd,a830fd9,1
julycoding/The-Art-Of-Programming-By-July-2nd,a87d1e8,15
julycoding/The-Art-Of-Programming-By-July-2nd,a8e6f26,2
julycoding/The-Art-Of-Programming-By-July-2nd,a90bcdc,2
julycoding/The-Art-Of-Programming-By-July-2nd,aa6d1a9,6
julycoding/The-Art-Of-Programming-By-July-2nd,ab6ed51,70
julycoding/The-Art-Of-Programming-By-July-2nd,ab8bf36,2
julycoding/The-Art-Of-Programming-By-July-2nd,acd2d45,2
julycoding/The-Art-Of-Programming-By-July-2nd,ad0802a,2
julycoding/The-Art-Of-Programming-By-July-2nd,ad4434b,10
julycoding/The-Art-Of-Programming-By-July-2nd,ad97d7a,0
julycoding/The-Art-Of-Programming-By-July-2nd,ae7c804,2
julycoding/The-Art-Of-Programming-By-July-2nd,aefb7ab,2
julycoding/The-Art-Of-Programming-By-July-2nd,af06b99,2
julycoding/The-Art-Of-Programming-By-July-2nd,af2a72a,2
julycoding/The-Art-Of-Programming-By-July-2nd,af4ac10,4
julycoding/The-Art-Of-Programming-By-July-2nd,afa692a,1
julycoding/The-Art-Of-Programming-By-July-2nd,b0ae724,150
julycoding/The-Art-Of-Programming-By-July-2nd,b12f0e4,9
julycoding/The-Art-Of-Programming-By-July-2nd,b1f6491,12
julycoding/The-Art-Of-Programming-By-July-2nd,b3ed8d5,10
julycoding/The-Art-Of-Programming-By-July-2nd,b514d7e,4
julycoding/The-Art-Of-Programming-By-July-2nd,b57e4b1,136
julycoding/The-Art-Of-Programming-By-July-2nd,b585b1c,4
julycoding/The-Art-Of-Programming-By-July-2nd,b739c72,2
julycoding/The-Art-Of-Programming-By-July-2nd,b7cae1d,4
julycoding/The-Art-Of-Programming-By-July-2nd,b7d6ff3,2
julycoding/The-Art-Of-Programming-By-July-2nd,b9485d9,112
julycoding/The-Art-Of-Programming-By-July-2nd,b99d4e5,6
julycoding/The-Art-Of-Programming-By-July-2nd,b9ff437,14
julycoding/The-Art-Of-Programming-By-July-2nd,bb9dd2f,4
julycoding/The-Art-Of-Programming-By-July-2nd,bc540fc,2
julycoding/The-Art-Of-Programming-By-July-2nd,bc8724e,2
julycoding/The-Art-Of-Programming-By-July-2nd,bea1748,0
julycoding/The-Art-Of-Programming-By-July-2nd,becf0c6,2
julycoding/The-Art-Of-Programming-By-July-2nd,bf124d3,2
julycoding/The-Art-Of-Programming-By-July-2nd,c05588d,193
julycoding/The-Art-Of-Programming-By-July-2nd,c1b1c98,2
julycoding/The-Art-Of-Programming-By-July-2nd,c2769f0,1
julycoding/The-Art-Of-Programming-By-July-2nd,c27bc2c,4
julycoding/The-Art-Of-Programming-By-July-2nd,c2b27eb,2
julycoding/The-Art-Of-Programming-By-July-2nd,c3d6401,2
julycoding/The-Art-Of-Programming-By-July-2nd,c4d0e70,2
julycoding/The-Art-Of-Programming-By-July-2nd,c4efbc4,2
julycoding/The-Art-Of-Programming-By-July-2nd,c5d841a,2
julycoding/The-Art-Of-Programming-By-July-2nd,c6855a8,6
julycoding/The-Art-Of-Programming-By-July-2nd,c6a084b,1
julycoding/The-Art-Of-Programming-By-July-2nd,c6a3279,2
julycoding/The-Art-Of-Programming-By-July-2nd,c884833,2
julycoding/The-Art-Of-Programming-By-July-2nd,ca5ce27,45
julycoding/The-Art-Of-Programming-By-July-2nd,cabd8fd,2
julycoding/The-Art-Of-Programming-By-July-2nd,cb7f837,3
julycoding/The-Art-Of-Programming-By-July-2nd,cc933e1,2
julycoding/The-Art-Of-Programming-By-July-2nd,cce5a96,14
julycoding/The-Art-Of-Programming-By-July-2nd,cd100d7,2
julycoding/The-Art-Of-Programming-By-July-2nd,cd5acdb,4
julycoding/The-Art-Of-Programming-By-July-2nd,ce5c0ed,2
julycoding/The-Art-Of-Programming-By-July-2nd,d06e785,2
julycoding/The-Art-Of-Programming-By-July-2nd,d088d4b,8
julycoding/The-Art-Of-Programming-By-July-2nd,d0a14b0,8
julycoding/The-Art-Of-Programming-By-July-2nd,d0f1c19,1
julycoding/The-Art-Of-Programming-By-July-2nd,d12ee60,12
julycoding/The-Art-Of-Programming-By-July-2nd,d1dc191,7
julycoding/The-Art-Of-Programming-By-July-2nd,d2eae9d,2
julycoding/The-Art-Of-Programming-By-July-2nd,d3d6685,2
julycoding/The-Art-Of-Programming-By-July-2nd,d3ed227,4
julycoding/The-Art-Of-Programming-By-July-2nd,d4215d5,1
julycoding/The-Art-Of-Programming-By-July-2nd,d45e45d,2
julycoding/The-Art-Of-Programming-By-July-2nd,d7b578a,3
julycoding/The-Art-Of-Programming-By-July-2nd,d7e5677,2
julycoding/The-Art-Of-Programming-By-July-2nd,d86702b,9
julycoding/The-Art-Of-Programming-By-July-2nd,d8ef612,9
julycoding/The-Art-Of-Programming-By-July-2nd,d9763bc,3
julycoding/The-Art-Of-Programming-By-July-2nd,d983c13,2
julycoding/The-Art-Of-Programming-By-July-2nd,d9d56cd,26
julycoding/The-Art-Of-Programming-By-July-2nd,d9f326b,2
julycoding/The-Art-Of-Programming-By-July-2nd,da5189a,1
julycoding/The-Art-Of-Programming-By-July-2nd,dbb73b5,2
julycoding/The-Art-Of-Programming-By-July-2nd,dd613d8,25
julycoding/The-Art-Of-Programming-By-July-2nd,de8a8af,2
julycoding/The-Art-Of-Programming-By-July-2nd,dea79d1,2
julycoding/The-Art-Of-Programming-By-July-2nd,df452c5,4
julycoding/The-Art-Of-Programming-By-July-2nd,dfd4158,2
julycoding/The-Art-Of-Programming-By-July-2nd,e00cf20,0
julycoding/The-Art-Of-Programming-By-July-2nd,e015f3e,2
julycoding/The-Art-Of-Programming-By-July-2nd,e044ee1,4
julycoding/The-Art-Of-Programming-By-July-2nd,e2f1fbe,2
julycoding/The-Art-Of-Programming-By-July-2nd,e46c21a,5
julycoding/The-Art-Of-Programming-By-July-2nd,e4c0c95,13
julycoding/The-Art-Of-Programming-By-July-2nd,e5f69c4,2
julycoding/The-Art-Of-Programming-By-July-2nd,e6b3e9e,25
julycoding/The-Art-Of-Programming-By-July-2nd,e8601d4,2
julycoding/The-Art-Of-Programming-By-July-2nd,e9115f6,2
julycoding/The-Art-Of-Programming-By-July-2nd,e97e590,2
julycoding/The-Art-Of-Programming-By-July-2nd,e9fdf26,9
julycoding/The-Art-Of-Programming-By-July-2nd,eb601bf,2
julycoding/The-Art-Of-Programming-By-July-2nd,ec36a77,1
julycoding/The-Art-Of-Programming-By-July-2nd,edbabc0,2
julycoding/The-Art-Of-Programming-By-July-2nd,ee123fe,2
julycoding/The-Art-Of-Programming-By-July-2nd,eeb2736,2
julycoding/The-Art-Of-Programming-By-July-2nd,eff62f9,6
julycoding/The-Art-Of-Programming-By-July-2nd,f259166,1
julycoding/The-Art-Of-Programming-By-July-2nd,f2c6d7e,10
julycoding/The-Art-Of-Programming-By-July-2nd,f32e517,2
julycoding/The-Art-Of-Programming-By-July-2nd,f4de974,2
julycoding/The-Art-Of-Programming-By-July-2nd,f633185,2
julycoding/The-Art-Of-Programming-By-July-2nd,f6ab4ee,4
julycoding/The-Art-Of-Programming-By-July-2nd,f9323cc,13
julycoding/The-Art-Of-Programming-By-July-2nd,f9ae0e4,2
julycoding/The-Art-Of-Programming-By-July-2nd,fb4823c,1
julycoding/The-Art-Of-Programming-By-July-2nd,fbeb429,22
julycoding/The-Art-Of-Programming-By-July-2nd,fd5bd69,2
julycoding/The-Art-Of-Programming-By-July-2nd,fdadd17,2
julycoding/The-Art-Of-Programming-By-July-2nd,fdf6415,193
julycoding/The-Art-Of-Programming-By-July-2nd,ff07b3d,8
julycoding/The-Art-Of-Programming-By-July-2nd,ff911f7,30
micropython/micropython,046013a,8
micropython/micropython,094000d,44
micropython/micropython,0944376,22
micropython/micropython,099991f,9
micropython/micropython,0a41838,1
micropython/micropython,10b3d96,15
micropython/micropython,12220b8,7
micropython/micropython,13d4975,8
micropython/micropython,1737a69,2
micropython/micropython,1921d22,13
micropython/micropython,196a865,7
micropython/micropython,2399b4e,3
micropython/micropython,2a03ade,31
micropython/micropython,2d08f2f,12
micropython/micropython,325ec7e,8
micropython/micropython,331a5c4,8
micropython/micropython,33cf1ab,3
micropython/micropython,353814d,1
micropython/micropython,35d07df,2
micropython/micropython,3ec8b9a,151
micropython/micropython,4128457,45
micropython/micropython,4308379,39
micropython/micropython,4963ae7,11
micropython/micropython,5312614,2
micropython/micropython,5552fbe,48
micropython/micropython,58ff28b,4
micropython/micropython,592affc,5
micropython/micropython,639150e,5
micropython/micropython,64971f1,48
micropython/micropython,64c7045,20
micropython/micropython,653f778,2
micropython/micropython,65b2dc2,29
micropython/micropython,673524f,10
micropython/micropython,68ca22b,49
micropython/micropython,6ab3c3c,5
micropython/micropython,6d65882,2
micropython/micropython,70c4ffa,27
micropython/micropython,7357fc5,48
micropython/micropython,73d6a09,6
micropython/micropython,74270df,3
micropython/micropython,76efdfa,5
micropython/micropython,7ba8221,24
micropython/micropython,7e5c55d,4
micropython/micropython,8160743,8
micropython/micropython,849c67b,26
micropython/micropython,8632351,2
micropython/micropython,8c389db,8
micropython/micropython,9a13688,2
micropython/micropython,a080585,129
micropython/micropython,a277fe4,2
micropython/micropython,a563592,22
micropython/micropython,a6bc1cc,87
micropython/micropython,a79e1fd,3
micropython/micropython,aacad2d,2
micropython/micropython,adf6319,15
micropython/micropython,af22318,5
micropython/micropython,b255224,24
micropython/micropython,b44c4de,30
micropython/micropython,b68574e,7
micropython/micropython,beb4c31,52
micropython/micropython,bf08f60,41
micropython/micropython,c57aebf,28
micropython/micropython,cb7ca6f,112
micropython/micropython,cbe137c,4
micropython/micropython,cf09793,26
micropython/micropython,cfea71d,54
micropython/micropython,d0d9d97,6
micropython/micropython,d7cb54b,2
micropython/micropython,ddd6ca7,3
micropython/micropython,ddf1a38,10
micropython/micropython,ea2fdeb,8
micropython/micropython,ec1bfcf,14
micropython/micropython,ed46ff6,2
micropython/micropython,f1b00d6,39
micropython/micropython,f498ebc,1
micropython/micropython,fb2b638,2
mpv-player/mpv,00dbdf1,12
mpv-player/mpv,013e76e,6
mpv-player/mpv,01b7edc,4
mpv-player/mpv,0232ff2,16
mpv-player/mpv,024628e,8
mpv-player/mpv,036fae3,2
mpv-player/mpv,03cafa1,15
mpv-player/mpv,0470a30,11
mpv-player/mpv,04ca4fd,8
mpv-player/mpv,05d0971,4
mpv-player/mpv,063a9b8,4
mpv-player/mpv,07572dc,4
mpv-player/mpv,08d7d04,21
mpv-player/mpv,0ac0730,2
mpv-player/mpv,0b6feb9,20
mpv-player/mpv,0e966ba,15
mpv-player/mpv,0ef3b1d,178
mpv-player/mpv,0f26d9f,12
mpv-player/mpv,0f910ec,18
mpv-player/mpv,0fbf20f,87
mpv-player/mpv,11d3ad6,1
mpv-player/mpv,12a7825,74
mpv-player/mpv,137d537,45
mpv-player/mpv,18defc8,20
mpv-player/mpv,194ce88,3
mpv-player/mpv,1d1535f,24
mpv-player/mpv,1d71523,14
mpv-player/mpv,1e64262,2
mpv-player/mpv,211c9cb,5
mpv-player/mpv,2168e3d,23
mpv-player/mpv,218561f,4
mpv-player/mpv,21e7c36,2
mpv-player/mpv,227d958,3
mpv-player/mpv,26373c5,18
mpv-player/mpv,2763390,15
mpv-player/mpv,29307c2,76
mpv-player/mpv,2b74582,44
mpv-player/mpv,2d149e0,21
mpv-player/mpv,2da63bb,8
mpv-player/mpv,3132ad6,5
mpv-player/mpv,31bd176,29
mpv-player/mpv,329c529,9
mpv-player/mpv,3a7a027,43
mpv-player/mpv,3c95d65,11
mpv-player/mpv,3f6038f,76
mpv-player/mpv,43e83dc,21
mpv-player/mpv,43fda54,76
mpv-player/mpv,440f35a,6
mpv-player/mpv,4522929,14
mpv-player/mpv,47bc7b2,1
mpv-player/mpv,48804a2,59
mpv-player/mpv,494afa4,6
mpv-player/mpv,4c17803,2
mpv-player/mpv,4d12a60,22
mpv-player/mpv,4ee4444,2
mpv-player/mpv,521e162,2
mpv-player/mpv,549bc39,99
mpv-player/mpv,55043cb,25
mpv-player/mpv,570c5ec,21
mpv-player/mpv,580f2ec,2
mpv-player/mpv,591522c,3
mpv-player/mpv,59d5f77,2
mpv-player/mpv,5b1df3c,47
mpv-player/mpv,5b2bcc5,154
mpv-player/mpv,5c4c067,18
mpv-player/mpv,5c4c27e,7
mpv-player/mpv,5f8d5f8,3
mpv-player/mpv,5f927c6,14
mpv-player/mpv,5faec4e,1
mpv-player/mpv,63defa7,42
mpv-player/mpv,653e241,2
mpv-player/mpv,699054c,1
mpv-player/mpv,6a5eb8c,7
mpv-player/mpv,6b178e4,2
mpv-player/mpv,6b96aff,8
mpv-player/mpv,6c6e813,5
mpv-player/mpv,6c720f0,4
mpv-player/mpv,7177976,121
mpv-player/mpv,7182991,2
mpv-player/mpv,71a6535,4
mpv-player/mpv,71b2324,11
mpv-player/mpv,72fe8fe,32
mpv-player/mpv,730062b,5
mpv-player/mpv,73c2118,1
mpv-player/mpv,7653cc8,24
mpv-player/mpv,768ad8f,7
mpv-player/mpv,77dee9b,14
mpv-player/mpv,78458a5,4
mpv-player/mpv,785540f,74
mpv-player/mpv,7a5ecf1,43
mpv-player/mpv,7b79173,4
mpv-player/mpv,7bfc038,25
mpv-player/mpv,7c1a4ac,57
mpv-player/mpv,7d3870b,8
mpv-player/mpv,7e94d69,2
mpv-player/mpv,80d2a6a,4
mpv-player/mpv,817372a,3
mpv-player/mpv,84596ab,2
mpv-player/mpv,84c9eaf,2
mpv-player/mpv,866da80,10
mpv-player/mpv,86e1292,42
mpv-player/mpv,86e884b,3
mpv-player/mpv,88f3422,10
mpv-player/mpv,89427a4,2
mpv-player/mpv,89c3f4d,1
mpv-player/mpv,8b0b186,2
mpv-player/mpv,8b64a5d,43
mpv-player/mpv,8f9a10f,39
mpv-player/mpv,90e3e10,27
mpv-player/mpv,91b10ff,24
mpv-player/mpv,91b79d9,4
mpv-player/mpv,91e0b6c,93
mpv-player/mpv,9546e0f,45
mpv-player/mpv,95c882d,2
mpv-player/mpv,9681bda,2
mpv-player/mpv,9871ed5,24
mpv-player/mpv,9b1a436,5
mpv-player/mpv,9b7374e,90
mpv-player/mpv,9baadc6,2
mpv-player/mpv,9db4997,11
mpv-player/mpv,9f153e2,4
mpv-player/mpv,a043624,28
mpv-player/mpv,a418d21,1
mpv-player/mpv,a664eed,6
mpv-player/mpv,a6f3236,27
mpv-player/mpv,afbd3ab,6
mpv-player/mpv,b290781,8
mpv-player/mpv,b352fcb,160
mpv-player/mpv,b47fd28,8
mpv-player/mpv,b5c629f,74
mpv-player/mpv,b6d8336,4
mpv-player/mpv,b7c92c7,2
mpv-player/mpv,b91b71a,18
mpv-player/mpv,b9ed523,2
mpv-player/mpv,bdca447,66
mpv-player/mpv,bde63fe,1
mpv-player/mpv,c0efee0,5
mpv-player/mpv,c301667,3
mpv-player/mpv,c37756c,18
mpv-player/mpv,c399422,1
mpv-player/mpv,c4a00b2,5
mpv-player/mpv,c4bc4f6,10
mpv-player/mpv,c5c1477,33
mpv-player/mpv,c82d931,2
mpv-player/mpv,cbea601,14
mpv-player/mpv,cc660f8,15
mpv-player/mpv,cc7f9e3,128
mpv-player/mpv,ce076de,149
mpv-player/mpv,ce7ea3d,38
mpv-player/mpv,ce8032a,6
mpv-player/mpv,cf00b07,28
mpv-player/mpv,d579527,13
mpv-player/mpv,da538f3,175
mpv-player/mpv,db7bc59,39
mpv-player/mpv,db99bca,6
mpv-player/mpv,dbda70a,27
mpv-player/mpv,dd2ccce,26
mpv-player/mpv,dfc232a,4
mpv-player/mpv,e011596,2
mpv-player/mpv,e0d06ec,90
mpv-player/mpv,e2fc754,95
mpv-player/mpv,e612f41,21
mpv-player/mpv,e6e7083,2
mpv-player/mpv,e72bc1f,3
mpv-player/mpv,e7eefcd,14
mpv-player/mpv,e8ade13,10
mpv-player/mpv,eaf8a3e,1
mpv-player/mpv,ed7b1ac,6
mpv-player/mpv,f07dbb3,8
mpv-player/mpv,f147b13,8
mpv-player/mpv,f471f8c,23
mpv-player/mpv,f7707e4,43
mpv-player/mpv,f9ec3d2,2
mpv-player/mpv,fcb50a7,13
mpv-player/mpv,fdbea0f,3
mpv-player/mpv,fec62de,21
mpv-player/mpv,ff1bb2f,1
mpv-player/mpv,ff59504,4
nginx/nginx,03eba69,24
nginx/nginx,042b9cc,19
nginx/nginx,04b9bfe,28
nginx/nginx,0ddcae0,68
nginx/nginx,0fa8434,2
nginx/nginx,0fd59c8,26
nginx/nginx,145b228,5
nginx/nginx,14f8190,77
nginx/nginx,1bc19fe,21
nginx/nginx,250baed,4
nginx/nginx,2deded3,84
nginx/nginx,2f9e843,1
nginx/nginx,34bd899,3
nginx/nginx,3b16b46,20
nginx/nginx,3d5a356,18
nginx/nginx,3f0fe15,4
nginx/nginx,489e1e6,9
nginx/nginx,48ac1ee,4
nginx/nginx,504c78f,29
nginx/nginx,581cf22,159
nginx/nginx,58b9217,10
nginx/nginx,5e79d98,23
nginx/nginx,683e304,8
nginx/nginx,6b1bb99,15
nginx/nginx,6ecc4e3,4
nginx/nginx,6f74940,4
nginx/nginx,6f8c520,5
nginx/nginx,7362d01,7
nginx/nginx,788e462,14
nginx/nginx,818f98d,4
nginx/nginx,88955b1,7
nginx/nginx,92f9968,5
nginx/nginx,9ddc6a0,1
nginx/nginx,a410045,1
nginx/nginx,a7e3cd5,9
nginx/nginx,ae1948a,12
nginx/nginx,b1a2b3e,4
nginx/nginx,b595a68,2
nginx/nginx,bd190d8,26
nginx/nginx,bf3e653,51
nginx/nginx,c165589,2
nginx/nginx,cca5655,2
nginx/nginx,d3d64ca,8
nginx/nginx,d8a849a,1
nginx/nginx,da468ec,110
nginx/nginx,e06bdbd,49
nginx/nginx,e3207a1,2
nginx/nginx,e4a062b,196
nginx/nginx,e734df6,1
nginx/nginx,e73ac62,126
nginx/nginx,ea8270c,59
nginx/nginx,efc6a21,2
nginx/nginx,eff2ea1,3
nginx/nginx,f00b431,13
nginx/nginx,fb89d50,83
nothings/stb,00f3f01,5
nothings/stb,0224a44,18
nothings/stb,0cbdb25,1
nothings/stb,0ccb4f0,15
nothings/stb,1c81674,37
nothings/stb,1d35dc8,2
nothings/stb,1e400e2,42
nothings/stb,206529e,8
nothings/stb,254e1c9,47
nothings/stb,2805fe3,3
nothings/stb,29d6395,11
nothings/stb,2c8cd33,37
nothings/stb,2d0faa4,4
nothings/stb,2e78eb6,2
nothings/stb,2e8b2d7,8
nothings/stb,3152efa,98
nothings/stb,3366d1e,3
nothings/stb,37b9b20,15
nothings/stb,385b5d3,2
nothings/stb,385b65d,5
nothings/stb,3b14b5a,5
nothings/stb,3bb12a1,1
nothings/stb,41a6bb5,6
nothings/stb,43c6bd4,6
nothings/stb,47a3c4f,2
nothings/stb,498bd3e,2
nothings/stb,4bafa56,56
nothings/stb,523a14f,56
nothings/stb,580fc1a,5
nothings/stb,589a678,12
nothings/stb,58b2e14,3
nothings/stb,59f06c1,7
nothings/stb,5a7af50,2
nothings/stb,5a87025,1
nothings/stb,67881b6,18
nothings/stb,6b38abe,1
nothings/stb,6e8c316,14
nothings/stb,6f7420a,20
nothings/stb,802a1df,2
nothings/stb,828e6cf,2
nothings/stb,8806272,0
nothings/stb,89f3f35,1
nothings/stb,8cb9835,8
nothings/stb,95560bc,21
nothings/stb,95671cc,4
nothings/stb,98ca24b,32
nothings/stb,9cd6cdc,25
nothings/stb,9e292f0,2
nothings/stb,a2c9180,2
nothings/stb,a6b3843,5
nothings/stb,a7fed59,4
nothings/stb,a9df364,4
nothings/stb,add7adc,4
nothings/stb,b09cb2c,2
nothings/stb,b3a74a5,3
nothings/stb,b5d2296,16
nothings/stb,b67dabe,4
nothings/stb,b75413f,2
nothings/stb,bfaccab,171
nothings/stb,c24de24,5
nothings/stb,c29138b,3
nothings/stb,c5102ec,17
nothings/stb,c5b527a,9
nothings/stb,c7cf85f,15
nothings/stb,c830350,9
nothings/stb,cae8e85,47
nothings/stb,cae97bd,2
nothings/stb,cb9d4e9,9
nothings/stb,cd74294,36
nothings/stb,ce54bbc,74
nothings/stb,d1d0e9f,2
nothings/stb,d605948,43
nothings/stb,d8df5e9,2
nothings/stb,da88806,5
nothings/stb,db2acff,2
nothings/stb,dc664b1,43
nothings/stb,dfdb7d9,4
nothings/stb,e423b41,3
nothings/stb,e485c7d,15
nothings/stb,e919bcd,10
nothings/stb,eb4b057,1
nothings/stb,ec89898,6
nothings/stb,ef23148,42
nothings/stb,efdaadc,26
nothings/stb,f06f586,10
nothings/stb,f308577,2
nothings/stb,f54acd4,2
nothings/stb,fb1cea0,1
nothings/stb,fcd0a0b,2
nothings/stb,fd9c3ea,10
nothings/stb,fdafd1a,17
nothings/stb,fdec118,74
obsproject/obs-studio,000437f,2
obsproject/obs-studio,0fc69fb,4
obsproject/obs-studio,11ee75d,2
obsproject/obs-studio,13b3c8d,23
obsproject/obs-studio,16216b2,2
obsproject/obs-studio,16cb051,2
obsproject/obs-studio,1fc94ec,2
obsproject/obs-studio,220b0ec,6
obsproject/obs-studio,22c4e11,12
obsproject/obs-studio,235be8c,4
obsproject/obs-studio,2fe0385,47
obsproject/obs-studio,33734ef,2
obsproject/obs-studio,33cec16,1
obsproject/obs-studio,345fe56,14
obsproject/obs-studio,395da05,2
obsproject/obs-studio,3dbb2f1,156
obsproject/obs-studio,4510b93,6
obsproject/obs-studio,48660e9,55
obsproject/obs-studio,48feb2c,1
obsproject/obs-studio,506281e,2
obsproject/obs-studio,5567396,2
obsproject/obs-studio,5b3a8de,61
obsproject/obs-studio,5ed5863,4
obsproject/obs-studio,6204c22,27
obsproject/obs-studio,6326014,6
obsproject/obs-studio,65f417d,91
obsproject/obs-studio,66f4792,64
obsproject/obs-studio,720f370,181
obsproject/obs-studio,7cae57d,6
obsproject/obs-studio,8b0e974,2
obsproject/obs-studio,8bfc28f,35
obsproject/obs-studio,8e129b1,7
obsproject/obs-studio,8e2da12,38
obsproject/obs-studio,902b3e6,6
obsproject/obs-studio,9889fcd,3
obsproject/obs-studio,99d7d13,9
obsproject/obs-studio,9bb940a,81
obsproject/obs-studio,9fdb5cd,2
obsproject/obs-studio,a1c6bae,4
obsproject/obs-studio,a368f05,8
obsproject/obs-studio,a96de1e,152
obsproject/obs-studio,ae29c49,2
obsproject/obs-studio,afd7619,153
obsproject/obs-studio,b540c47,34
obsproject/obs-studio,b65ee89,6
obsproject/obs-studio,c86de05,3
obsproject/obs-studio,c96366e,44
obsproject/obs-studio,caa3d3e,2
obsproject/obs-studio,cfb23a5,2
obsproject/obs-studio,d312718,73
obsproject/obs-studio,e0e132e,3
obsproject/obs-studio,e855bb9,8
obsproject/obs-studio,ef3e7b2,40
obsproject/obs-studio,f027f62,122
obsproject/obs-studio,f1e44c1,4
obsproject/obs-studio,f62b139,62
openssl/openssl,0083500,0
openssl/openssl,00b112c,0
openssl/openssl,0551e8e,0
openssl/openssl,066bfdc,0
openssl/openssl,069181d,0
openssl/openssl,095aab1,0
openssl/openssl,0b7afd6,0
openssl/openssl,0d3efc8,0
openssl/openssl,10093b6,0
openssl/openssl,105c580,0
openssl/openssl,1077f1c,0
openssl/openssl,134f17d,0
openssl/openssl,155fc99,0
openssl/openssl,1588505,0
openssl/openssl,1b2e3bd,0
openssl/openssl,1c1dcfc,0
openssl/openssl,1c4f7b1,0
openssl/openssl,1cd8e47,0
openssl/openssl,1dbe8a6,0
openssl/openssl,21cca9d,0
openssl/openssl,21d4585,16
openssl/openssl,236bc0d,0
openssl/openssl,2466b57,0
openssl/openssl,266fb55,0
openssl/openssl,28a9d0e,0
openssl/openssl,29c7216,0
openssl/openssl,2a0e64f,0
openssl/openssl,2a7b058,0
openssl/openssl,2d0c43b,0
openssl/openssl,2d74855,0
openssl/openssl,2ddb767,0
openssl/openssl,2f61878,0
openssl/openssl,2ffd40e,0
openssl/openssl,3005b9b,0
openssl/openssl,30569f8,0
openssl/openssl,3066e59,0
openssl/openssl,331c2c7,0
openssl/openssl,33ec173,0
openssl/openssl,34d3d2e,0
openssl/openssl,35396be,0
openssl/openssl,3595339,0
openssl/openssl,3673c86,0
openssl/openssl,36efd09,0
openssl/openssl,376f7ee,0
openssl/openssl,380c954,0
openssl/openssl,3aa2f3a,0
openssl/openssl,3bd52f8,0
openssl/openssl,3d7f4eb,0
openssl/openssl,3e77acb,0
openssl/openssl,3ee1655,0
openssl/openssl,3f0fb59,0
openssl/openssl,4080054,0
openssl/openssl,41d46b8,0
openssl/openssl,43cddc5,0
openssl/openssl,4739965,0
openssl/openssl,47418dd,0
openssl/openssl,4aa7b26,0
openssl/openssl,4aa9ebd,0
openssl/openssl,4d33baf,0
openssl/openssl,4e96426,0
openssl/openssl,4f9db26,0
openssl/openssl,50295c9,0
openssl/openssl,5091f2e,0
openssl/openssl,50a8f55,0
openssl/openssl,535e0a4,0
openssl/openssl,5375e94,0
openssl/openssl,54681f6,0
openssl/openssl,55a0adf,0
openssl/openssl,573fbe6,0
openssl/openssl,578281e,0
openssl/openssl,5871953,0
openssl/openssl,594c436,0
openssl/openssl,5aaf974,0
openssl/openssl,5cbc1ea,0
openssl/openssl,5da0a7b,0
openssl/openssl,5e33f30,44
openssl/openssl,5ef3397,0
openssl/openssl,604d926,0
openssl/openssl,60e699a,0
openssl/openssl,63f7d42,0
openssl/openssl,64f4ff7,0
openssl/openssl,657b012,0
openssl/openssl,679a101,0
openssl/openssl,67b9859,0
openssl/openssl,688e4f4,15
openssl/openssl,6945c41,0
openssl/openssl,694b415,0
openssl/openssl,696913b,0
openssl/openssl,6b4ad7f,0
openssl/openssl,6bfe7b0,0
openssl/openssl,6e5ce1e,0
openssl/openssl,6edf03e,0
openssl/openssl,6f6948b,0
openssl/openssl,7001692,0
openssl/openssl,7109f48,0
openssl/openssl,7420ab4,0
openssl/openssl,747cfae,0
openssl/openssl,768468f,0
openssl/openssl,76b4fa3,0
openssl/openssl,771814b,0
openssl/openssl,7776744,0
openssl/openssl,793a744,0
openssl/openssl,7962a7e,0
openssl/openssl,7b38108,0
openssl/openssl,7c168f5,0
openssl/openssl,7c61af8,0
openssl/openssl,7c8e2bf,0
openssl/openssl,7d2a227,0
openssl/openssl,7deeeb9,0
openssl/openssl,7e97bb2,0
openssl/openssl,7ec28bf,0
openssl/openssl,7ef3f15,0
openssl/openssl,7f015c9,0
openssl/openssl,7faa3cc,0
openssl/openssl,807928c,0
openssl/openssl,80db9e9,0
openssl/openssl,82fb46d,0
openssl/openssl,8678046,0
openssl/openssl,8752f7f,0
openssl/openssl,87a4607,0
openssl/openssl,87afb84,0
openssl/openssl,8948ccd,0
openssl/openssl,8e9771c,0
openssl/openssl,90e6afa,0
openssl/openssl,92261e7,0
openssl/openssl,92e0d58,0
openssl/openssl,930a950,0
openssl/openssl,94cc3b7,0
openssl/openssl,9626fb4,0
openssl/openssl,96459b1,0
openssl/openssl,965d627,0
openssl/openssl,971e589,0
openssl/openssl,978cb1f,0
openssl/openssl,9820582,0
openssl/openssl,98e8800,0
openssl/openssl,999bce7,0
openssl/openssl,9b810d9,0
openssl/openssl,9e98277,0
openssl/openssl,9eb6922,0
openssl/openssl,9f87698,0
openssl/openssl,9ffcef1,0
openssl/openssl,a010fde,71
openssl/openssl,a176bb2,0
openssl/openssl,a5683b1,0
openssl/openssl,a64d315,0
openssl/openssl,a6bd321,0
openssl/openssl,a95faeb,58
openssl/openssl,aa0be38,0
openssl/openssl,abfb3cc,0
openssl/openssl,ac35ce3,0
openssl/openssl,ad0d325,0
openssl/openssl,ad26aee,0
openssl/openssl,adc73bf,0
openssl/openssl,adef533,0
openssl/openssl,aeb5975,0
openssl/openssl,aedcdc6,0
openssl/openssl,af50059,0
openssl/openssl,b217dbb,0
openssl/openssl,b2b638a,0
openssl/openssl,b2ff256,0
openssl/openssl,b760334,198
openssl/openssl,b792cf3,0
openssl/openssl,b8d80f0,0
openssl/openssl,b9d1956,0
openssl/openssl,b9e6d36,0
openssl/openssl,ba26e3f,167
openssl/openssl,bc8a449,0
openssl/openssl,bfdfde1,0
openssl/openssl,c1f66c1,78
openssl/openssl,c2b14ac,39
openssl/openssl,c2e8459,0
openssl/openssl,c30fb0f,0
openssl/openssl,c33120d,0
openssl/openssl,c5c8b44,0
openssl/openssl,c6a9f09,0
openssl/openssl,c7cfce9,0
openssl/openssl,c8b4a39,0
openssl/openssl,c9248e1,0
openssl/openssl,ca24748,0
openssl/openssl,ca95d13,0
openssl/openssl,cb95203,0
openssl/openssl,cbfc8cc,0
openssl/openssl,ccd8451,0
openssl/openssl,cd79a23,0
openssl/openssl,cf3cd85,0
openssl/openssl,cf44eb7,0
openssl/openssl,cfbd214,66
openssl/openssl,d29cb55,0
openssl/openssl,d6e9de9,0
openssl/openssl,dc7bf31,0
openssl/openssl,de1abbe,0
openssl/openssl,de83e65,0
openssl/openssl,de89ca9,0
openssl/openssl,df64f04,0
openssl/openssl,dfc6f64,0
openssl/openssl,e24de9f,0
openssl/openssl,e299082,0
openssl/openssl,e3c5cfa,0
openssl/openssl,e461263,0
openssl/openssl,e4b3f5f,0
openssl/openssl,e64098d,0
openssl/openssl,e70853d,0
openssl/openssl,e7251fa,0
openssl/openssl,e9e643b,0
openssl/openssl,ecf3ac3,0
openssl/openssl,ed00444,0
openssl/openssl,edc8edb,0
openssl/openssl,eedb6df,0
openssl/openssl,f11830f,0
openssl/openssl,f480a73,0
openssl/openssl,f5b50a9,0
openssl/openssl,f74d73c,0
openssl/openssl,f7a284b,0
openssl/openssl,f7c0fcf,0
openssl/openssl,f81fbf2,0
openssl/openssl,f95dfe0,0
openssl/openssl,f9971f0,46
openssl/openssl,fb43a0a,0
php/php-src,0106134,0
php/php-src,012bf8e,4
php/php-src,08f7323,0
php/php-src,0cd1970,0
php/php-src,0d364fc,0
php/php-src,0d57840,0
php/php-src,10ac41f,32
php/php-src,114260b,21
php/php-src,1279bc6,85
php/php-src,13bf672,16
php/php-src,157864a,9
php/php-src,159a75c,85
php/php-src,16ce2ff,0
php/php-src,1701589,31
php/php-src,1787765,12
php/php-src,1848bcd,27
php/php-src,19deb91,178
php/php-src,1e7deee,0
php/php-src,1ee8dfd,6
php/php-src,1f1147a,35
php/php-src,227541c,28
php/php-src,2521c34,0
php/php-src,26b9395,17
php/php-src,292a7f7,44
php/php-src,2b04e08,12
php/php-src,2ec8c29,15
php/php-src,2f2544e,0
php/php-src,30cb199,50
php/php-src,30fbcf9,2
php/php-src,314daba,0
php/php-src,355d296,10
php/php-src,366ed4c,31
php/php-src,3abdef2,10
php/php-src,4312a44,31
php/php-src,4b63315,12
php/php-src,4d71d8a,46
php/php-src,4e2bd0c,26
php/php-src,4e460b2,0
php/php-src,509cb06,2
php/php-src,50abef9,4
php/php-src,51f4450,4
php/php-src,5562e55,2
php/php-src,56795d2,82
php/php-src,56dd321,10
php/php-src,586eba9,4
php/php-src,596eec7,0
php/php-src,5a629d4,0
php/php-src,5ae1261,2
php/php-src,5f64ee7,0
php/php-src,6333ca8,10
php/php-src,64d8b2a,10
php/php-src,667b28c,12
php/php-src,685bd9d,15
php/php-src,688902d,6
php/php-src,6a0da6d,24
php/php-src,6afe2ce,31
php/php-src,6c1edba,0
php/php-src,6d54908,32
php/php-src,71d11bd,28
php/php-src,74c4510,4
php/php-src,7658ebf,0
php/php-src,769f319,4
php/php-src,78e3d05,10
php/php-src,7bdeedb,48
php/php-src,8398038,48
php/php-src,848269d,30
php/php-src,84cf16f,0
php/php-src,881754e,4
php/php-src,8fa4bf0,32
php/php-src,8fe7930,41
php/php-src,9149c35,2
php/php-src,9155a96,0
php/php-src,927830d,11
php/php-src,929e717,6
php/php-src,92dc0d0,20
php/php-src,9435c06,0
php/php-src,9446a8e,0
php/php-src,94ae775,0
php/php-src,94e65d3,46
php/php-src,9734ba4,31
php/php-src,9be8e52,0
php/php-src,9d71c1e,48
php/php-src,9f654de,25
php/php-src,a3454b8,104
php/php-src,a741371,1
php/php-src,a960edc,0
php/php-src,aa795a6,10
php/php-src,aa82371,0
php/php-src,ad867ce,4
php/php-src,ada7400,2
php/php-src,b074c5c,18
php/php-src,b64cd42,6
php/php-src,b9e0445,8
php/php-src,baf193f,0
php/php-src,bdc09a0,2
php/php-src,c0cf841,6
php/php-src,c343ede,10
php/php-src,c5f28c7,40
php/php-src,c8e13af,32
php/php-src,c9de303,48
php/php-src,ca7f556,12
php/php-src,ca914ee,58
php/php-src,cd22fd1,0
php/php-src,cf19a8d,0
php/php-src,d13b5eb,60
php/php-src,d40ae97,18
php/php-src,d542ee1,0
php/php-src,d543630,0
php/php-src,d635c87,19
php/php-src,d8fbe40,15
php/php-src,d998a79,0
php/php-src,d9d55f0,4
php/php-src,dcac024,12
php/php-src,dd21794,16
php/php-src,ddc8512,20
php/php-src,dddd050,30
php/php-src,e025f2a,32
php/php-src,e10f6d7,15
php/php-src,e221948,4
php/php-src,e81d808,6
php/php-src,eb733a3,61
php/php-src,ed847f4,20
php/php-src,f622c39,4
php/php-src,f7fb13e,17
php/php-src,f88d247,50
php/php-src,f8c7dc1,32
php/php-src,f90d1f7,4
php/php-src,f940217,0
php/php-src,fe070fc,2
php/php-src,ff51ac1,4
robertdavidgraham/masscan,0cac045,10
robertdavidgraham/masscan,0f1adec,12
robertdavidgraham/masscan,18df091,14
robertdavidgraham/masscan,2517f56,157
robertdavidgraham/masscan,268b848,17
robertdavidgraham/masscan,32bd94b,1
robertdavidgraham/masscan,32dfd86,27
robertdavidgraham/masscan,38e1a6f,9
robertdavidgraham/masscan,45dd503,2
robertdavidgraham/masscan,46fa90f,38
robertdavidgraham/masscan,4b746e3,3
robertdavidgraham/masscan,4d65ec1,3
robertdavidgraham/masscan,53fd945,38
robertdavidgraham/masscan,5428fa2,2
robertdavidgraham/masscan,5b92966,96
robertdavidgraham/masscan,666d817,59
robertdavidgraham/masscan,66eb044,87
robertdavidgraham/masscan,6757254,5
robertdavidgraham/masscan,676635d,52
robertdavidgraham/masscan,6c9abcb,2
robertdavidgraham/masscan,6e500f8,12
robertdavidgraham/masscan,6fc9807,12
robertdavidgraham/masscan,82750fc,4
robertdavidgraham/masscan,86ff5e0,2
robertdavidgraham/masscan,874337a,2
robertdavidgraham/masscan,8a86c02,2
robertdavidgraham/masscan,8f42c8a,121
robertdavidgraham/masscan,92cca90,11
robertdavidgraham/masscan,985b576,5
robertdavidgraham/masscan,9962c79,2
robertdavidgraham/masscan,9ce79a9,20
robertdavidgraham/masscan,a43ab2b,51
robertdavidgraham/masscan,a60cc70,132
robertdavidgraham/masscan,a7c73ac,2
robertdavidgraham/masscan,aba7ff7,2
robertdavidgraham/masscan,b0f8094,31
robertdavidgraham/masscan,b17c389,2
robertdavidgraham/masscan,b395f18,4
robertdavidgraham/masscan,beb7a4e,11
robertdavidgraham/masscan,bf35b48,1
robertdavidgraham/masscan,bfe7170,7
robertdavidgraham/masscan,c65520e,2
robertdavidgraham/masscan,c66b20d,11
robertdavidgraham/masscan,cea6067,21
robertdavidgraham/masscan,cec300a,2
robertdavidgraham/masscan,dc88677,5
robertdavidgraham/masscan,dd04d9c,33
robertdavidgraham/masscan,e2d543f,0
robertdavidgraham/masscan,e346b09,4
robertdavidgraham/masscan,ea6e732,4
robertdavidgraham/masscan,edc4f47,2
robertdavidgraham/masscan,f04707a,5
robertdavidgraham/masscan,f2a1914,4
robertdavidgraham/masscan,f716f0f,4
robertdavidgraham/masscan,ff34bb0,42
robertdavidgraham/masscan,ff7a9d6,2
tmux/tmux,00412b5,56
tmux/tmux,048db82,0
tmux/tmux,05116ce,0
tmux/tmux,0f30fa3,1
tmux/tmux,114977d,97
tmux/tmux,125a7b9,81
tmux/tmux,141cd78,0
tmux/tmux,157d748,0
tmux/tmux,16b44d2,0
tmux/tmux,17bab32,0
tmux/tmux,1c1f4c1,0
tmux/tmux,1e303b6,0
tmux/tmux,25b1cc1,0
tmux/tmux,2917bc5,0
tmux/tmux,2d1e934,0
tmux/tmux,2d8b6fc,2
tmux/tmux,2df15ad,0
tmux/tmux,31b6c93,0
tmux/tmux,34775fc,0
tmux/tmux,3510405,8
tmux/tmux,354926a,4
tmux/tmux,356887b,0
tmux/tmux,37771a5,0
tmux/tmux,38c38f1,0
tmux/tmux,3a8a31d,0
tmux/tmux,3d8ead8,0
tmux/tmux,40c01c2,2
tmux/tmux,41f6b69,0
tmux/tmux,42959db,4
tmux/tmux,455a2b3,61
tmux/tmux,46f3846,2
tmux/tmux,486221f,9
tmux/tmux,487b0ee,6
tmux/tmux,489c69f,0
tmux/tmux,4f5d6d9,56
tmux/tmux,549c35b,93
tmux/tmux,5a68730,61
tmux/tmux,5b7bdc8,69
tmux/tmux,62e15e9,16
tmux/tmux,63582c1,20
tmux/tmux,64f1076,0
tmux/tmux,66c738b,11
tmux/tmux,679bbdc,2
tmux/tmux,6a35b8a,88
tmux/tmux,6ddee22,4
tmux/tmux,71a503e,40
tmux/tmux,71aa4fe,14
tmux/tmux,729bded,0
tmux/tmux,735082b,88
tmux/tmux,73b2277,0
tmux/tmux,780a87b,0
tmux/tmux,7997fd3,1
tmux/tmux,7a78cdf,0
tmux/tmux,7b148f7,0
tmux/tmux,7c30056,0
tmux/tmux,826ba51,0
tmux/tmux,834ec91,0
tmux/tmux,868ddf5,0
tmux/tmux,895044c,2
tmux/tmux,89adec0,0
tmux/tmux,8b1a3bb,0
tmux/tmux,8d2aee3,0
tmux/tmux,8d6eb4b,0
tmux/tmux,8ff6523,131
tmux/tmux,911d768,150
tmux/tmux,914815e,23
tmux/tmux,933d6b9,5
tmux/tmux,934035d,8
tmux/tmux,940fdf7,22
tmux/tmux,9528d74,9
tmux/tmux,9623ec3,20
tmux/tmux,9bd039d,0
tmux/tmux,9e2a7c2,0
tmux/tmux,9f2a853,0
tmux/tmux,a0c79aa,2
tmux/tmux,a1b7a3b,0
tmux/tmux,a269c33,13
tmux/tmux,a3dea81,69
tmux/tmux,a869693,5
tmux/tmux,a9d0461,18
tmux/tmux,aba8ffb,2
tmux/tmux,ac44566,0
tmux/tmux,b95a06d,0
tmux/tmux,bbc3cc5,100
tmux/tmux,bcc47ad,11
tmux/tmux,c36ffcb,0
tmux/tmux,c8bd42d,3
tmux/tmux,cb00e86,10
tmux/tmux,cbd419c,0
tmux/tmux,ce4be58,0
tmux/tmux,cfd3c02,4
tmux/tmux,d0c8124,0
tmux/tmux,d326c51,22
tmux/tmux,d8b6611,0
tmux/tmux,ddf6af7,0
tmux/tmux,df30377,19
tmux/tmux,e0638c4,36
tmux/tmux,e486f5f,0
tmux/tmux,eaec0a4,16
tmux/tmux,eb04f93,13
tmux/tmux,f2fd8c8,0
tmux/tmux,f897049,0
tmux/tmux,f8b56fd,8
tmux/tmux,f95d055,0
tmux/tmux,fdbc6cd,100
torvalds/linux,01ab0d1,6
torvalds/linux,01da521,29
torvalds/linux,02e7769,7
torvalds/linux,039bef3,10
torvalds/linux,0b873de,2
torvalds/linux,1442bb8,16
torvalds/linux,1643126,4
torvalds/linux,1a82d43,4
torvalds/linux,1cba2eb,2
torvalds/linux,20f85a1,1
torvalds/linux,210d77c,5
torvalds/linux,22abd83,5
torvalds/linux,266273e,38
torvalds/linux,27f204c,61
torvalds/linux,2b6abb8,80
torvalds/linux,2f6cfd6,2
torvalds/linux,2f78910,31
torvalds/linux,313ef70,1
torvalds/linux,32a6086,98
torvalds/linux,35e282c,11
torvalds/linux,3af870a,48
torvalds/linux,3e28111,44
torvalds/linux,40a4af5,2
torvalds/linux,41b80d4,26
torvalds/linux,4316932,5
torvalds/linux,463d439,2
torvalds/linux,479acb9,8
torvalds/linux,49ca214,12
torvalds/linux,4ac577a,6
torvalds/linux,55026a9,20
torvalds/linux,5630f75,8
torvalds/linux,564d594,1
torvalds/linux,5842bcb,56
torvalds/linux,670d7ef,17
torvalds/linux,6a35d02,10
torvalds/linux,6a86a4c,24
torvalds/linux,6e9722e,197
torvalds/linux,6f6aed2,65
torvalds/linux,6f7d948,42
torvalds/linux,752ba09,24
torvalds/linux,7799eae,80
torvalds/linux,7dfbe9a,2
torvalds/linux,7efb45f,8
torvalds/linux,7eff54d,21
torvalds/linux,8543ecc,24
torvalds/linux,8581b19,75
torvalds/linux,87213b0,16
torvalds/linux,8c73851,116
torvalds/linux,9a97857,2
torvalds/linux,9d70ef7,22
torvalds/linux,9d85ac9,2
torvalds/linux,9dcdc0c,14
torvalds/linux,9e7a40a,4
torvalds/linux,9ee5d17,25
torvalds/linux,a585c7e,57
torvalds/linux,a9a8b1a,119
torvalds/linux,ab08f9c,1
torvalds/linux,acce46a,7
torvalds/linux,b2135d1,7
torvalds/linux,bcdd6cf,12
torvalds/linux,bd3b04b,25
torvalds/linux,bda1cbf,97
torvalds/linux,bdd0d69,82
torvalds/linux,bf2084a,46
torvalds/linux,bf2c7bf,4
torvalds/linux,c1fb124,5
torvalds/linux,c34b04c,2
torvalds/linux,c942919,25
torvalds/linux,c975033,3
torvalds/linux,cf841f6,134
torvalds/linux,d1220e4,4
torvalds/linux,d180b1d,170
torvalds/linux,d84e47e,39
torvalds/linux,d86fea4,27
torvalds/linux,da67179,78
torvalds/linux,dde3763,2
torvalds/linux,df4ff5f,80
torvalds/linux,e6b4d26,4
torvalds/linux,eaa0870,38
torvalds/linux,eb296c0,4
torvalds/linux,eb9780a,1
torvalds/linux,f044561,4
torvalds/linux,f07640f,6
torvalds/linux,f34836a,2
torvalds/linux,f4412c7,12
torvalds/linux,f50d032,2
torvalds/linux,fae00a7,4
torvalds/linux,fe93446,10
valinet/ExplorerPatcher,02cb6e9,24
valinet/ExplorerPatcher,0833f51,40
valinet/ExplorerPatcher,092edc1,10
valinet/ExplorerPatcher,0a42d55,27
valinet/ExplorerPatcher,0c2f287,13
valinet/ExplorerPatcher,25660c9,4
valinet/ExplorerPatcher,2572a80,6
valinet/ExplorerPatcher,258d35c,17
valinet/ExplorerPatcher,2e7a175,4
valinet/ExplorerPatcher,33d1518,5
valinet/ExplorerPatcher,35046cd,2
valinet/ExplorerPatcher,3717aef,17
valinet/ExplorerPatcher,3fe00cb,2
valinet/ExplorerPatcher,4212e35,99
valinet/ExplorerPatcher,451db3c,7
valinet/ExplorerPatcher,4cfc2ce,42
valinet/ExplorerPatcher,5048a4f,10
valinet/ExplorerPatcher,50f3a70,2
valinet/ExplorerPatcher,53fad19,87
valinet/ExplorerPatcher,556aeb5,14
valinet/ExplorerPatcher,5cef3b1,30
valinet/ExplorerPatcher,5de2eb0,9
valinet/ExplorerPatcher,5ee6e35,2
valinet/ExplorerPatcher,6190fd2,10
valinet/ExplorerPatcher,619d9ca,2
valinet/ExplorerPatcher,6feeba1,2
valinet/ExplorerPatcher,7b7cf61,10
valinet/ExplorerPatcher,7c4567a,10
valinet/ExplorerPatcher,7d6b093,2
valinet/ExplorerPatcher,8fd7c46,29
valinet/ExplorerPatcher,9239e56,10
valinet/ExplorerPatcher,92a3da1,3
valinet/ExplorerPatcher,9d64a8c,5
valinet/ExplorerPatcher,9f9d43e,94
valinet/ExplorerPatcher,9fe862e,23
valinet/ExplorerPatcher,a3cd2a3,7
valinet/ExplorerPatcher,a6a88b1,2
valinet/ExplorerPatcher,a90439d,4
valinet/ExplorerPatcher,aa92241,3
valinet/ExplorerPatcher,aeeb362,18
valinet/ExplorerPatcher,baecdcc,10
valinet/ExplorerPatcher,c96aebe,27
valinet/ExplorerPatcher,cb951df,74
valinet/ExplorerPatcher,ce6fb8d,3
valinet/ExplorerPatcher,d262c41,10
valinet/ExplorerPatcher,d4cae81,68
valinet/ExplorerPatcher,d55f3c7,33
valinet/ExplorerPatcher,d7a0385,2
valinet/ExplorerPatcher,ddeaa2e,6
valinet/ExplorerPatcher,de44754,153
valinet/ExplorerPatcher,e4e3c61,26
valinet/ExplorerPatcher,f285371,11
valinet/ExplorerPatcher,fe07123,11
valkey-io/valkey,0012ca7,134
valkey-io/valkey,0410436,0
valkey-io/valkey,053bf9e,2
valkey-io/valkey,05d8fd4,0
valkey-io/valkey,06990c2,0
valkey-io/valkey,0862f9f,0
valkey-io/valkey,09f9630,0
valkey-io/valkey,0af8a12,0
valkey-io/valkey,0b11d34,31
valkey-io/valkey,0b94ca6,0
valkey-io/valkey,1119765,0
valkey-io/valkey,11a2b6c,0
valkey-io/valkey,12aaff9,0
valkey-io/valkey,1531b44,0
valkey-io/valkey,1766416,0
valkey-io/valkey,1840871,0
valkey-io/valkey,1a975fa,0
valkey-io/valkey,204097d,0
valkey-io/valkey,20a49ff,0
valkey-io/valkey,2205bf9,0
valkey-io/valkey,227b11b,43
valkey-io/valkey,22c2191,0
valkey-io/valkey,2399f10,0
valkey-io/valkey,249495a,0
valkey-io/valkey,258213f,4
valkey-io/valkey,25ef0b3,0
valkey-io/valkey,28f48ff,48
valkey-io/valkey,2c9db1a,0
valkey-io/valkey,2d200df,0
valkey-io/valkey,2fe08f8,0
valkey-io/valkey,30599c4,51
valkey-io/valkey,30dc9a7,0
valkey-io/valkey,30e9109,0
valkey-io/valkey,36b51c9,2
valkey-io/valkey,374718b,2
valkey-io/valkey,3884650,0
valkey-io/valkey,3ceae81,14
valkey-io/valkey,3efe841,0
valkey-io/valkey,4092c9c,29
valkey-io/valkey,41a93a2,0
valkey-io/valkey,44dafba,0
valkey-io/valkey,4571886,0
valkey-io/valkey,45d03e6,0
valkey-io/valkey,496f7d1,0
valkey-io/valkey,49e44e5,0
valkey-io/valkey,4a92db9,0
valkey-io/valkey,4de8cf3,0
valkey-io/valkey,4ede540,0
valkey-io/valkey,4eeffda,0
valkey-io/valkey,5065fcf,0
valkey-io/valkey,51387dd,0
valkey-io/valkey,57118a4,0
valkey-io/valkey,5854995,0
valkey-io/valkey,5abaf33,0
valkey-io/valkey,5cce160,0
valkey-io/valkey,5d6e77f,0
valkey-io/valkey,5df95b3,0
valkey-io/valkey,5f5ad43,0
valkey-io/valkey,614980e,0
valkey-io/valkey,6cf69a4,0
valkey-io/valkey,70106f0,0
valkey-io/valkey,70f2057,0
valkey-io/valkey,729ca11,53
valkey-io/valkey,7407520,0
valkey-io/valkey,74b6330,0
valkey-io/valkey,772bd8b,0
valkey-io/valkey,7859ba9,0
valkey-io/valkey,785ffe6,0
valkey-io/valkey,7b27890,0
valkey-io/valkey,7d2a69d,0
valkey-io/valkey,8221a15,0
valkey-io/valkey,83d2979,0
valkey-io/valkey,89b1f8f,0
valkey-io/valkey,89d4577,0
valkey-io/valkey,8b0d952,0
valkey-io/valkey,8d686dd,0
valkey-io/valkey,8dca801,0
valkey-io/valkey,8df0a6b,0
valkey-io/valkey,911641b,0
valkey-io/valkey,91bb9c4,3
valkey-io/valkey,91f6c97,0
valkey-io/valkey,94c81bc,5
valkey-io/valkey,9abb518,0
valkey-io/valkey,9cbcaa2,0
valkey-io/valkey,9dd5a02,2
valkey-io/valkey,9e87473,0
valkey-io/valkey,9f7aa04,0
valkey-io/valkey,9fb850d,0
valkey-io/valkey,a2001a3,0
valkey-io/valkey,a59635c,10
valkey-io/valkey,aa88453,0
valkey-io/valkey,add716b,0
valkey-io/valkey,af25a52,0
valkey-io/valkey,b5c7743,0
valkey-io/valkey,b7f4b20,0
valkey-io/valkey,bb944c7,0
valkey-io/valkey,bcd2f95,0
valkey-io/valkey,bd5dcb2,31
valkey-io/valkey,be60586,0
valkey-io/valkey,c17af4a,0
valkey-io/valkey,c4f9b46,0
valkey-io/valkey,c551108,6
valkey-io/valkey,c79b529,0
valkey-io/valkey,c8bfd23,0
valkey-io/valkey,c9c49b4,0
valkey-io/valkey,cab500c,0
valkey-io/valkey,cc31c20,0
valkey-io/valkey,d00fb8e,43
valkey-io/valkey,d1053ac,0
valkey-io/valkey,d3b6559,0
valkey-io/valkey,d56a1f7,0
valkey-io/valkey,d9ae086,0
valkey-io/valkey,da32443,0
valkey-io/valkey,daea05b,0
valkey-io/valkey,db14ac2,5
valkey-io/valkey,dd772c4,0
valkey-io/valkey,dfd91bf,0
valkey-io/valkey,dfdcbfe,0
valkey-io/valkey,e113a5e,0
valkey-io/valkey,e169c83,0
valkey-io/valkey,e2b28c6,0
valkey-io/valkey,e5ce984,0
valkey-io/valkey,ea2e48a,0
valkey-io/valkey,ed28746,0
valkey-io/valkey,ee9a305,0
valkey-io/valkey,f1934cb,0
valkey-io/valkey,f1d8d77,0
valkey-io/valkey,f56ff10,4
valkey-io/valkey,f7da0c1,0
valkey-io/valkey,f8bc378,0
valkey-io/valkey,fc199e0,0
valkey-io/valkey,fe42415,0
valkey-io/valkey,fe97ba4,0
ventoy/Ventoy,025425f,8
ventoy/Ventoy,07693bf,3
ventoy/Ventoy,0984f5b,59
ventoy/Ventoy,1065a41,34
ventoy/Ventoy,121d927,6
ventoy/Ventoy,12a284b,24
ventoy/Ventoy,1305945,2
ventoy/Ventoy,1882cfc,4
ventoy/Ventoy,1c0b4ee,108
ventoy/Ventoy,2cd22da,46
ventoy/Ventoy,2d76fa7,5
ventoy/Ventoy,2feb148,8
ventoy/Ventoy,3263b64,2
ventoy/Ventoy,33a562c,6
ventoy/Ventoy,3d1dc81,14
ventoy/Ventoy,3ebc610,54
ventoy/Ventoy,4544e22,28
ventoy/Ventoy,480afee,2
ventoy/Ventoy,4d4f958,122
ventoy/Ventoy,4f64aec,28
ventoy/Ventoy,5553dd4,4
ventoy/Ventoy,5794452,4
ventoy/Ventoy,5e607b7,51
ventoy/Ventoy,5eec535,20
ventoy/Ventoy,5f3d7f3,8
ventoy/Ventoy,60588c8,4
ventoy/Ventoy,6202295,30
ventoy/Ventoy,63f9331,6
ventoy/Ventoy,682e8cd,26
ventoy/Ventoy,69da3a5,36
ventoy/Ventoy,7551703,26
ventoy/Ventoy,75c6c72,2
ventoy/Ventoy,75f3e4c,3
ventoy/Ventoy,7b70a52,25
ventoy/Ventoy,7f2f845,37
ventoy/Ventoy,8180382,0
ventoy/Ventoy,858eec9,60
ventoy/Ventoy,89addae,11
ventoy/Ventoy,8af432b,6
ventoy/Ventoy,8b76e06,2
ventoy/Ventoy,8fc8cc6,4
ventoy/Ventoy,954cb14,68
ventoy/Ventoy,9b14b41,2
ventoy/Ventoy,9baa953,13
ventoy/Ventoy,9e2e4ec,20
ventoy/Ventoy,a5d9b1f,20
ventoy/Ventoy,b4120c4,3
ventoy/Ventoy,b4a059d,69
ventoy/Ventoy,b8be46f,2
ventoy/Ventoy,bf2517b,3
ventoy/Ventoy,c4c05fc,5
ventoy/Ventoy,d4d8736,38
ventoy/Ventoy,d8bca31,11
ventoy/Ventoy,da20eb5,2
ventoy/Ventoy,ddf0617,3
ventoy/Ventoy,e1d161a,8
ventoy/Ventoy,e667233,16
ventoy/Ventoy,ecb133e,4
ventoy/Ventoy,f8b1f98,14
ventoy/Ventoy,fcf10de,48
ventoy/Ventoy,fd0d335,39
ventoy/Ventoy,fe13752,9
